ts,REFERENCE_PRICE,STRATEGY1,STRATEGY2,STRATEGY3
30:04.6,103.123282,103.233106,103.155176,103.300034
30:09.9,103.137083,103.216766,103.237113,103.325323
30:14.9,103.111976,103.220269,103.168531,103.233088
30:19.9,103.067059,103.231871,103.22861,103.231407
30:24.8,103.10311,103.224365,103.209271,103.311816
30:30.0,103.105856,103.227975,103.199554,103.238781
30:35.0,103.109962,103.211124,103.242345,103.240962
30:39.5,103.07204,103.170038,103.211317,
30:45.0,103.133766,103.211191,103.202267,103.242091
30:49.7,103.206462,,103.246248,103.240385
30:54.9,103.10742,103.229055,103.262489,103.255038
31:00.0,103.136039,103.181268,103.245913,103.250467
31:05.0,103.120279,103.24858,103.201059,103.262225
31:10.0,103.132155,103.245645,103.236567,103.147544
31:14.9,103.141702,103.166701,103.216461,103.283518
31:19.8,103.070042,103.23279,103.259001,103.139372
31:24.6,103.087576,103.229766,103.285303,103.231625
31:30.0,103.128312,103.247167,103.199917,103.250701
31:34.9,103.099619,103.246608,103.23436,103.25154
31:39.9,103.111991,103.249845,103.236498,103.258925
31:44.9,103.185217,103.22098,103.225297,103.246968
31:49.8,103.115458,103.27274,103.224212,103.242824
31:55.0,103.105484,103.207569,103.194756,103.243097
31:59.9,103.093516,103.200774,103.197915,
32:05.0,103.055264,103.209684,103.246596,103.210521
32:09.8,103.143571,103.252212,103.264971,103.244029
32:14.8,103.121589,103.233734,103.229672,103.262661
32:18.4,103.106637,103.263953,103.227962,103.256035
32:24.9,103.107225,103.231683,103.206106,103.220934
32:29.6,103.089342,103.261549,103.265617,103.191117
32:35.0,103.13501,103.313472,103.309997,103.266492
32:39.8,103.105476,103.21643,103.217943,103.207283
32:44.9,103.096175,103.262036,,103.242109
32:49.6,103.083489,103.199503,103.229966,103.193463
32:55.0,103.074042,103.242528,103.194092,103.257711
33:00.0,103.084007,103.243262,103.21298,103.2377
33:04.5,103.089481,103.252478,103.180183,103.234121
33:09.8,103.088984,103.231041,103.22436,103.142197
33:14.0,103.085921,103.219396,103.280455,103.196133
33:19.9,103.106619,103.181617,103.209473,103.22538
33:25.0,103.051114,103.251937,103.239983,103.286303
33:30.0,103.078281,103.227066,103.224004,103.233609
33:35.0,103.100184,103.234356,103.214093,103.279732
33:40.0,103.080424,103.217481,103.201228,103.232159
33:44.9,103.11016,103.174008,103.214919,103.185122
33:49.9,103.069672,103.255006,103.248059,103.09023
33:54.7,103.098342,103.245724,103.228539,103.165739
33:59.7,103.106953,103.186866,103.232445,103.233969
34:04.7,103.075911,103.222923,103.185774,103.278195
34:09.3,103.088737,103.209142,103.201273,103.271266
34:15.0,103.08498,103.232533,103.215315,103.215748
34:19.9,103.092086,103.225732,103.201221,103.230199
34:24.3,103.142091,103.239545,103.219886,103.226276
34:29.9,103.08782,103.250628,103.222468,103.190483
34:35.0,103.062121,103.195476,103.21831,103.201882
34:39.8,103.061206,103.236139,103.219993,103.203291
34:44.8,103.091299,103.234639,103.199559,103.213029
34:49.5,103.054337,103.222418,103.213049,103.233095
34:55.0,103.064691,103.237609,103.222298,103.216341
34:59.8,103.10462,103.223723,103.211462,103.227424
35:04.9,103.09263,103.260318,103.232986,103.229419
35:09.9,103.167046,103.222336,103.218725,103.202165
35:14.9,103.11343,103.256129,103.220042,103.257739
35:19.9,103.113635,103.175882,103.234542,103.233839
35:25.0,103.109947,103.262616,103.229276,103.274761
35:29.7,103.12498,103.232482,103.22226,103.23555
35:34.8,103.007381,103.234524,103.234568,103.255777
35:39.9,103.087478,103.233565,103.236981,103.279386
35:44.9,103.116961,103.280081,103.229269,103.254384
35:49.9,103.080322,103.29167,103.229404,103.235796
35:54.9,103.068797,103.233714,103.219857,103.252334
35:59.8,103.116703,103.27002,103.242709,103.23483
36:04.7,103.056511,103.220199,103.227857,103.246406
36:09.7,103.084774,103.233813,103.273546,103.242796
36:14.3,103.112949,103.238843,103.230017,103.200975
36:19.8,103.123574,103.219153,103.215175,103.260404
36:24.1,103.119635,103.225851,103.187168,103.225596
36:29.9,103.121958,103.231765,103.222476,103.267839
36:35.0,103.092935,103.198703,103.260911,103.23504
36:39.6,103.061396,103.346974,103.225931,103.243525
36:44.3,103.073992,103.252807,103.244524,103.271347
36:49.3,103.100496,103.20071,103.249031,103.232992
36:54.8,103.076804,103.248273,103.217439,103.225674
36:59.2,103.099878,103.21576,103.238606,103.215536
37:04.8,103.086693,103.229351,103.145076,103.231715
37:10.0,103.096703,103.218173,103.188373,103.229455
37:14.9,103.113403,103.220818,103.209859,103.216477
37:20.0,103.121721,103.228661,103.236871,103.18734
37:24.8,103.070364,103.189209,103.269372,103.191536
37:29.5,103.115508,103.213771,103.205127,103.246251
37:34.7,103.065728,103.145182,103.212291,103.273941
37:39.7,103.068538,103.188771,103.186179,103.22414
37:44.4,103.078218,103.214625,103.219508,103.187758
37:49.9,103.080404,103.220628,103.212697,103.174455
37:55.0,102.980224,103.251939,103.251915,103.238989
37:59.3,103.075117,103.219138,103.194848,103.202873
38:04.7,103.103512,103.20773,103.237622,103.231545
38:09.8,103.107696,103.202518,103.210509,103.244683
38:14.8,103.106492,103.213374,103.201211,103.228532
38:19.8,103.060777,103.222788,103.22016,103.217719
38:24.9,103.107075,103.2413,103.215928,103.197039
38:29.8,103.059918,103.209266,103.203916,103.234507
38:34.9,103.028296,103.211339,103.217348,103.189255
38:39.8,103.072571,103.214459,103.277798,103.158768
38:44.8,103.076248,103.185586,103.187683,103.224442
38:49.6,103.09196,103.211117,103.259543,103.226932
38:54.8,103.076243,103.223136,103.213549,103.212511
38:59.3,103.055252,103.231483,103.226173,103.242412
39:04.7,103.03967,103.215872,103.163947,103.23091
39:09.8,103.079725,103.228872,103.215816,103.204456
39:13.9,103.090276,103.267846,103.216791,103.224396
39:19.6,103.067154,103.182619,103.216924,103.236868
39:25.0,103.110197,103.212357,103.207501,103.231008
39:29.7,103.093561,103.2412,103.21332,103.208706
39:35.0,103.090457,,103.229328,103.227134
39:39.3,103.1072,103.240759,103.247631,103.223103
39:44.6,103.098227,103.262941,103.243655,103.236243
39:49.9,103.090892,103.218442,103.221135,103.222149
39:55.0,103.107168,103.246466,103.212967,103.20587
39:59.9,103.124952,103.25505,103.183944,103.201235
40:05.0,103.089979,103.190152,103.234518,103.198941
40:09.1,103.071539,103.226044,103.261146,103.252656
40:14.8,103.154874,103.239518,103.240588,103.182573
40:19.5,103.045446,103.211033,103.265466,103.186429
40:24.4,103.079153,103.24951,103.230131,103.217595
40:30.0,103.115109,103.268564,103.224693,103.252105
40:34.8,103.102785,103.235298,103.251349,103.236339
40:39.7,103.10963,103.227497,103.236351,103.243467
40:44.9,103.103399,103.197281,103.239261,103.227859
40:49.7,103.096227,103.231413,103.234822,103.181059
40:54.9,103.097631,103.226121,103.232071,103.244239
40:59.9,103.122317,103.230795,103.233656,103.19268
41:04.5,103.082475,103.250104,103.247303,103.24197
41:09.8,103.090004,103.211137,103.244043,103.292526
41:14.8,103.03114,103.204458,103.186898,103.24126
41:19.7,103.061346,103.287468,103.241423,103.194426
41:23.9,103.107693,103.351112,103.212777,103.23477
41:29.9,103.108674,103.238994,103.297858,103.247779
41:35.0,103.116404,103.236165,103.212935,103.261055
41:39.4,103.101576,103.241767,103.222738,103.238339
41:43.8,103.152682,103.192352,103.211247,103.231271
41:49.9,103.105995,103.224623,103.225895,103.246389
41:54.5,103.129952,103.234285,103.190931,103.224114
41:59.8,103.119636,103.257072,103.15582,103.264184
42:04.8,103.04675,103.268971,103.209175,103.276701
42:09.2,103.100868,103.200802,103.264367,103.267079
42:14.8,103.120596,103.207109,103.218998,103.247242
42:19.8,103.119588,103.230982,103.233384,103.257598
42:24.7,103.102938,103.219147,103.253904,103.192422
42:29.9,103.08125,103.213067,103.242649,103.231885
42:34.7,103.109852,103.227045,103.248633,103.26752
42:39.4,103.101512,103.203973,103.23843,103.254652
42:45.0,103.133595,103.217607,103.193347,103.194383
42:50.0,103.09074,103.244583,103.266174,103.220643
42:54.9,103.072187,103.192698,103.178956,103.255263
42:59.9,103.095511,103.226997,103.230498,103.238896
43:04.3,103.149015,103.254063,103.172217,103.292344
43:10.0,103.055566,103.227594,103.241343,103.203531
43:14.5,103.106393,103.229891,103.239399,103.233795
43:19.5,103.081494,103.216926,103.242699,103.241441
43:24.9,103.146236,103.27364,103.277478,103.204458
43:29.8,103.100839,103.216939,103.230329,103.203174
43:34.9,103.103032,103.22725,103.248962,103.222996
43:39.7,103.083365,103.230093,103.223615,103.229847
43:45.0,103.077476,103.176853,103.231097,103.354308
43:49.7,103.099591,103.246464,103.286719,103.237939
43:54.2,103.143919,103.236511,103.153454,103.250618
43:59.8,103.035887,103.260783,103.250053,103.232373
44:04.4,102.961816,103.266663,103.263441,103.288405
44:09.8,103.10441,103.251218,103.256513,
44:14.6,103.077815,103.241579,103.222083,103.243331
44:20.0,103.126118,103.243331,103.23082,
44:24.6,103.097874,103.229821,103.241177,103.221756
44:29.5,103.094776,103.246834,103.241972,103.266545
44:34.8,103.089744,103.255309,103.237141,103.238794
44:39.2,103.094752,103.224998,103.263221,103.229128
44:44.4,103.114736,103.232242,103.242279,103.213547
44:49.7,103.102029,103.246019,103.184706,103.265063
44:54.4,103.135121,103.242513,103.250715,103.234193
44:59.5,103.104963,103.263369,103.206838,103.272853
45:04.8,103.078786,103.216453,103.255373,103.268021
45:09.8,103.108695,103.326312,103.238892,103.222206
45:14.8,103.120238,103.261218,103.248987,103.250849
45:19.7,103.150104,103.216988,103.246605,103.258723
45:23.7,103.121762,103.292731,103.244291,103.268795
45:29.7,103.090683,103.244751,103.235336,103.302907
45:34.6,103.114657,103.182243,103.243032,103.238705
45:39.9,103.108976,103.275788,103.257738,103.263026
45:44.8,103.127734,103.252869,103.275163,103.248064
45:50.0,103.105363,103.249774,103.23723,103.27433
45:54.7,103.106437,103.234974,103.250951,103.2712
45:59.9,103.118058,103.239952,103.198653,103.238394
46:05.0,103.12693,103.270736,103.235219,103.283877
46:09.1,103.119724,103.258835,103.235794,103.270108
46:14.6,103.160512,103.270629,,103.244578
46:20.0,103.136048,103.263121,103.256378,103.275435
46:24.6,103.121829,103.248108,103.256093,103.25165
46:29.4,103.041608,103.279417,103.252316,103.255211
46:35.0,103.156716,103.251646,103.246751,103.257679
46:39.7,103.126421,103.255269,103.244523,103.2997
46:45.0,103.122126,103.231236,103.251953,103.262655
46:49.7,103.149033,103.253805,103.249079,103.216604
46:54.7,103.070592,103.26279,103.216206,103.25306
46:59.7,103.114376,103.248011,103.262966,103.253236
47:04.9,103.139667,103.19,103.237682,103.241961
47:10.0,103.141308,103.227475,103.249434,103.261196
47:14.9,103.161251,103.260077,103.224674,103.309139
47:19.8,103.126475,103.281531,103.270995,103.26716
47:24.4,103.12632,103.277698,103.275044,103.2611
47:30.0,103.137909,103.243109,103.279612,103.267171
47:34.8,103.117164,103.235585,103.266293,103.27109
47:39.6,103.131412,103.267206,103.266298,103.239908
47:44.2,103.125127,103.265977,103.240469,103.28681
47:49.8,103.099734,103.265976,103.242507,103.301685
47:54.2,103.140237,103.25024,103.279772,103.28378
47:59.9,103.118422,103.264051,103.241577,103.236694
48:04.8,103.081667,103.266043,103.261427,103.295449
48:09.6,103.122625,103.294106,103.30492,103.273115
48:14.6,103.119237,103.268033,103.245502,103.281846
48:19.2,103.131771,103.271745,103.308374,103.270253
48:24.4,103.141893,103.285646,103.280361,103.292438
48:29.9,103.120199,103.210232,103.220997,103.220179
48:34.8,103.11981,103.267373,103.192416,103.245236
48:39.9,103.118352,103.280778,103.261131,103.282655
48:44.9,103.122621,103.235499,103.253228,103.259555
48:49.4,103.122318,103.267134,103.217901,103.274317
48:54.9,103.16053,103.268623,103.220889,103.264096
48:59.4,103.126165,103.247758,103.255945,103.281859
49:04.9,103.131845,103.256396,103.21052,103.233358
49:09.8,103.134549,103.265185,103.269919,103.280748
49:14.8,103.141485,103.249906,103.266301,103.355801
49:19.1,103.102387,103.265368,103.28918,103.34763
49:24.7,103.1132,103.228511,103.248644,103.245076
49:30.0,103.126338,103.281622,103.265161,103.286855
49:35.0,103.091094,103.253959,103.335511,103.266048
49:39.8,103.03576,103.243094,103.267771,103.297692
49:44.6,103.040821,103.242416,103.28912,103.279758
49:49.7,103.152186,103.241054,103.253338,103.284469
49:54.9,103.103892,103.255054,103.259748,103.257575
49:59.9,103.177158,103.272937,103.302488,103.215332
50:04.4,103.118353,103.264035,103.264694,103.255659
50:09.9,103.202128,103.274738,103.242678,103.282287
50:14.9,103.071698,103.254046,103.249146,103.279472
50:19.6,103.126775,103.275484,103.250509,103.314165
50:24.5,103.183005,103.269244,103.245734,103.286083
50:29.9,103.138006,103.251599,103.255054,103.229851
50:35.0,103.038762,103.268759,103.305732,103.276572
50:39.4,103.116887,103.286242,103.275019,103.280077
50:45.0,103.116841,103.244447,103.236688,103.321101
50:49.9,103.14411,103.275684,103.289987,103.255938
50:54.7,103.12095,103.185204,103.235772,103.262626
50:59.7,103.202162,103.327618,103.258221,103.284175
51:04.9,103.075579,103.247184,103.286349,103.275156
51:10.0,103.098687,103.337107,103.240611,103.269424
51:14.5,103.04971,103.26009,103.259784,103.304654
51:19.1,103.136818,103.227921,103.261519,103.244485
51:24.2,103.102273,103.254007,103.243246,103.284125
51:30.0,103.125365,103.274761,103.239457,103.270102
51:34.6,103.157032,103.264727,103.261737,103.271932
51:39.6,103.115609,103.260773,103.277555,103.288347
51:44.8,103.100099,103.249373,103.220116,103.267122
51:49.9,103.078054,103.268325,103.252018,103.268202
51:55.0,103.141966,103.258546,103.269123,103.265355
51:59.5,103.139976,103.197996,103.230928,103.246073
52:05.0,103.161347,103.245441,103.262528,103.265498
52:10.0,103.126056,103.256898,103.243672,103.283637
52:14.5,103.191472,103.255909,103.277404,103.266656
52:19.9,103.128982,103.327314,103.196191,103.269221
52:24.9,103.132037,103.27937,103.243566,103.241763
52:29.8,103.206723,103.282784,103.302744,103.272308
52:34.2,103.143606,103.277736,103.249441,103.27959
52:39.7,103.125487,103.275676,103.27686,103.355954
52:44.6,103.15228,103.31655,103.27078,103.291486
52:50.0,103.173686,103.247463,103.270364,103.271516
52:54.8,103.134881,103.297511,103.266361,103.296525
52:59.9,103.218677,103.230757,103.248997,103.271641
53:04.7,103.106053,103.261467,103.196355,103.293259
53:09.6,103.118137,103.265431,103.252034,103.253857
53:14.9,103.135683,103.286577,103.278591,103.23374
53:19.9,103.133526,103.271956,103.229275,
53:24.5,103.144409,103.272341,103.16785,103.262451
53:29.8,103.121862,103.269379,103.236846,103.239848
53:34.8,103.083029,103.260702,103.25128,103.238563
53:40.0,103.141766,103.181004,103.261599,103.260083
53:44.7,103.129701,103.298256,103.266568,103.265784
53:49.2,103.141281,103.26409,103.266858,103.233079
53:55.0,103.112966,103.259992,103.249691,103.201941
53:59.7,103.138783,103.255785,103.187806,103.307426
54:04.3,103.069018,103.264833,103.28851,103.219276
54:09.6,103.110587,103.266581,103.236345,103.15393
54:14.7,103.124507,103.291211,103.238181,103.267313
54:19.6,103.136937,103.218308,103.258767,103.262281
54:24.0,103.138367,103.351575,103.25969,103.301858
54:29.8,103.16154,103.310428,103.228429,103.300767
54:34.6,103.077099,103.296915,103.297819,103.32442
54:39.5,103.128789,103.289425,103.267432,103.269792
54:44.5,103.154923,103.296601,103.291575,103.287195
54:50.0,103.127925,103.272191,103.271654,103.243009
54:54.7,103.12513,103.264692,103.288657,103.295075
54:59.5,103.14504,103.276502,103.237119,103.269553
55:04.9,103.133458,103.296601,103.295115,103.287553
55:09.9,103.090984,103.268495,103.272142,103.282286
55:15.0,103.140157,103.279902,103.265844,103.26881
55:20.0,103.130991,103.279381,103.27193,103.282889
55:24.5,103.138143,103.253925,103.263897,103.288555
55:29.1,103.191632,103.267461,103.291746,103.273225
55:34.9,103.136802,103.255831,103.277559,103.266409
55:39.9,103.118472,103.272242,103.290016,103.272911
55:44.9,103.129143,103.237092,103.350672,103.276724
55:50.0,103.125309,103.256292,103.24127,103.255329
55:54.7,103.137978,103.310222,103.258792,103.23399
55:59.5,103.15327,103.287109,103.316365,103.282956
56:04.8,103.137337,103.248747,103.238015,103.277999
56:09.8,103.104891,103.26887,103.250338,103.300585
56:14.9,103.136818,103.266905,103.264047,103.287254
56:19.8,103.127974,103.268858,103.263613,103.270645
56:25.0,103.181051,103.268596,103.29243,103.291648
56:30.0,103.175951,103.294201,103.26871,103.264452
56:34.1,103.126212,103.28688,103.244801,103.294648
56:39.6,103.119596,103.344943,103.282209,103.29122
56:44.9,103.151273,103.251102,103.292724,103.289852
56:49.8,103.143164,103.285097,103.273245,103.311172
56:54.9,103.138947,103.296868,103.274677,103.286363
56:59.6,103.083526,103.285741,103.285944,103.263383
57:04.6,103.135981,103.274159,103.259028,103.264714
57:09.6,103.14467,103.221226,103.26317,103.278902
57:14.6,103.112554,103.280088,103.278467,103.293977
57:19.7,103.139068,103.253605,103.284812,103.296534
57:24.9,103.145267,103.33419,103.354918,103.307353
57:29.9,103.156581,103.268234,103.296155,103.309858
57:34.9,103.172545,103.296912,103.180936,103.264917
57:39.9,103.122069,103.222175,103.283827,103.280368
57:45.0,103.142734,103.281269,103.25341,103.266595
57:49.7,103.138058,103.3141,103.264206,103.279585
57:53.6,103.131486,103.280708,103.266517,103.284889
57:59.7,103.155485,103.289838,103.287879,103.284909
58:04.2,103.063616,103.360129,103.275561,103.28294
58:09.7,103.1027,103.281718,103.284353,103.221468
58:14.5,103.164491,103.282143,103.262102,103.303101
58:20.0,103.136072,103.28569,103.253828,103.301028
58:24.6,103.159225,103.248597,103.273606,103.326821
58:29.7,103.107889,103.194744,103.287958,103.294975
58:34.8,103.158854,103.269997,103.317309,103.281796
58:39.9,103.163917,103.250703,103.277619,103.292475
58:44.9,103.137805,103.176684,103.257425,103.270106
58:49.5,103.152215,103.282348,103.302737,103.313047
58:53.3,103.144268,103.307032,103.270686,103.324505
59:00.0,103.131387,103.265309,103.292453,103.278207
59:04.2,103.156543,103.315226,103.269714,103.27933
59:09.8,103.15343,103.284863,103.291259,103.293807
,,,,
59:19.8,103.148743,103.320412,103.30475,103.266713
59:24.9,103.1848,103.224401,103.301301,103.337989
59:29.8,103.151738,103.293231,,103.319317
59:33.8,103.157376,103.339129,103.323974,103.304453
59:39.9,103.122063,103.280921,103.292559,103.298336
59:44.1,103.11645,103.259969,103.339505,103.316021
59:50.0,103.180963,103.270407,103.295689,103.311478
59:54.4,103.134628,103.282676,103.31894,103.347098
59:59.7,103.181985,103.272308,103.312073,103.321181
00:04.8,103.09371,103.275431,103.303798,103.222599
00:09.5,103.093793,103.28277,103.275294,103.250461
00:15.0,103.222204,103.271883,103.259921,103.282128
00:20.0,103.147846,103.279353,103.313619,103.297244
00:24.8,103.158196,103.238611,103.304986,103.290806
00:29.6,103.187118,103.279732,103.306268,103.290566
00:35.0,103.151736,103.311545,103.281306,103.316113
00:39.0,103.180862,103.294359,103.2946,103.315452
00:44.2,103.135101,103.261101,103.279719,103.279849
00:49.8,103.140174,103.265744,103.265521,103.30022
00:53.8,103.161544,103.251548,103.321435,103.290772
00:59.8,103.166139,103.272205,103.311291,103.268465
01:04.8,103.176827,103.284872,103.284255,103.283881
01:10.0,103.159358,103.238114,103.391078,103.311987
01:15.0,103.164296,103.273569,103.309474,103.278906
01:18.8,103.16891,103.292434,103.270302,103.283476
01:24.5,103.144198,103.287059,103.283663,103.30132
01:29.9,103.146767,103.287145,103.292883,103.306245
01:35.0,103.149816,103.262885,103.29466,103.297607
01:39.7,103.17659,103.291416,103.271295,103.31192
01:44.7,103.138098,103.253624,103.31863,103.274366
01:49.8,103.162763,103.270767,103.286236,103.2939
01:55.0,103.140807,103.31001,103.283487,103.32631
01:59.2,103.128946,103.282943,103.257099,103.280649
02:04.7,103.184714,103.272762,103.258705,103.282383
02:09.3,103.159446,103.288582,103.291135,103.318962
02:14.9,103.187459,103.283487,103.289651,103.273616
02:19.9,103.138665,103.253347,103.294736,103.325754
02:24.5,103.171464,103.296348,103.288441,103.298028
02:29.8,103.154597,103.271093,103.268145,103.325362
02:35.0,103.165803,103.280445,103.309897,103.286958
02:40.0,103.035145,103.258463,103.308751,103.32318
02:44.1,103.147736,103.305216,103.291545,103.24674
02:49.9,103.155944,103.282066,103.298832,103.292046
02:55.0,103.14323,103.295194,103.264876,103.272742
02:59.6,103.175476,103.268225,103.280634,103.326236
03:04.9,103.052205,103.25056,103.339399,
03:09.7,103.119628,103.290445,103.275987,103.214331
03:14.9,103.160313,103.275913,103.229825,103.295405
03:19.5,103.159013,103.320878,103.319183,103.303992
03:23.2,103.13906,103.230607,103.283246,103.305323
03:29.4,103.142494,103.273308,103.281011,103.270545
03:34.4,103.059499,103.306362,103.27014,103.279692
03:39.9,103.149048,103.311378,103.304504,103.266754
03:45.0,103.152322,103.301141,103.297838,103.287388
03:50.0,103.145761,103.29724,103.282454,103.281938
03:54.6,103.178113,103.284471,103.269494,103.280086
03:59.2,103.159782,103.263122,103.321743,103.345632
04:04.9,103.150766,103.180248,103.290268,103.280198
04:09.7,103.161961,103.294185,103.292597,103.284895
04:14.3,103.143404,103.283622,103.279907,103.30147
04:20.0,103.140724,103.294703,103.305237,103.248328
04:24.7,103.152646,103.296418,103.30926,103.287813
04:29.4,103.148676,103.297462,103.249423,103.299994
04:34.2,103.220338,103.267767,103.310553,103.333818
04:39.8,103.181028,103.286232,103.339109,103.283701
04:44.7,103.146014,103.312886,103.278192,103.305101
04:50.0,103.146766,103.283968,103.291376,103.273675
04:54.8,103.14993,103.29123,103.303601,103.258905
04:59.9,103.184317,103.275799,103.277721,103.304304
05:04.7,103.180829,103.280926,103.328275,103.270988
05:08.8,103.147906,103.233286,103.270929,103.263497
05:14.5,103.133457,103.298424,103.288285,103.214327
05:19.9,103.191764,103.319858,103.297603,103.287012
05:24.1,103.137549,103.284515,103.238315,103.258514
05:29.4,103.148971,103.354906,103.279528,103.278403
05:34.1,103.127419,103.296831,103.258683,103.26007
05:39.9,103.103243,103.267988,103.272503,103.269045
05:44.9,103.140085,103.292926,103.278125,103.282869
05:49.2,103.14348,103.361753,103.300173,103.287268
05:54.2,103.159125,103.271954,103.30512,103.289608
06:00.0,103.190016,103.262459,103.278361,103.252153
06:05.0,103.15948,103.287716,103.240962,103.295534
06:09.9,103.171275,103.298546,103.209801,103.30787
06:14.9,103.137311,103.298971,103.262836,
06:19.2,103.128179,103.269694,103.288758,103.276754
06:24.7,103.1352,103.313447,103.324033,103.300753
06:29.9,103.162632,103.253506,103.347532,103.26636
06:34.3,103.183729,103.24846,103.266728,103.271849
06:39.8,103.134615,103.315637,103.287759,103.383072
06:44.9,103.116122,103.292794,103.276344,103.360829
06:50.0,103.164633,103.309442,103.289697,103.281297
06:54.9,103.133764,103.254991,103.275686,103.301315
07:00.0,103.151288,103.265694,103.272999,103.31231
07:04.8,103.182876,103.232102,103.269735,103.296795
07:09.3,103.159926,103.276812,103.291056,103.245473
07:14.7,103.13129,103.266637,103.294902,103.262951
07:19.3,103.099842,103.271993,103.287726,103.245243
07:24.9,103.118023,103.304759,103.294951,
07:30.0,103.088423,103.282759,103.293587,103.295624
07:34.8,103.158932,103.31637,103.263178,103.325695
07:39.6,103.14177,103.28241,103.306541,103.291838
07:45.0,103.13631,103.295125,103.28369,103.272085
07:49.1,103.199131,103.278453,103.286261,103.298952
07:53.9,103.14209,103.288683,103.259227,103.269553
07:59.4,103.118129,103.310476,103.245432,103.255898
08:04.7,103.111353,103.280952,103.257591,103.279922
08:09.7,103.116233,103.294885,103.284297,103.284663
08:14.8,103.15444,103.254879,103.257384,103.275654
08:19.6,103.143394,103.278468,103.261841,103.337267
08:24.5,103.136254,103.278873,103.294578,103.296206
08:30.0,103.108321,103.223055,103.254046,103.269051
08:35.0,103.100034,103.27506,103.245548,103.272097
08:39.6,103.068975,103.2958,103.26989,103.278802
08:44.5,103.130575,103.278309,103.259795,103.279263
08:50.0,103.142969,103.279591,103.258581,103.292275
08:55.0,103.200804,103.285492,103.275996,103.271891
09:00.0,103.114769,103.266295,103.250367,103.341314
09:04.7,103.123188,103.332751,103.260112,103.266881
09:10.0,103.144599,103.256436,103.216957,103.295667
09:14.7,103.135027,103.276442,103.222365,103.247273
09:19.9,103.131484,103.269102,103.264205,103.258922
09:25.0,103.147704,103.26568,103.270544,103.228105
09:29.5,103.129632,103.299602,103.228408,103.212841
09:34.8,103.137059,103.280149,103.269183,103.286357
09:39.8,103.110954,103.288716,103.31954,103.27193
09:44.9,103.166642,103.240536,103.215526,103.296464
09:49.6,103.151886,103.238785,103.279494,103.272636
09:54.9,103.156578,103.289716,103.272136,103.280463
09:59.5,103.129427,103.292649,103.250667,103.260588
10:04.9,103.108678,103.299705,103.260268,103.279476
10:09.9,103.080828,103.291745,103.299157,103.336948
10:14.7,103.061062,103.235771,103.229866,103.261508
10:19.7,103.125154,103.28754,103.276762,103.320308
10:24.7,103.137147,103.285796,103.287405,103.225643
10:29.2,103.017883,103.332963,103.283707,103.253502
10:34.1,103.14699,103.263177,103.295551,103.243999
10:39.8,103.121093,103.252029,103.28579,103.268361
10:44.6,103.200825,103.336595,103.287045,103.271122
10:49.7,103.095053,103.277145,103.242586,103.272431
10:54.8,103.15942,103.274946,103.284071,103.276496
10:59.8,103.149636,103.287695,103.261306,103.191977
11:04.6,103.122774,103.307378,103.284367,103.271249
11:09.9,103.135861,103.254448,103.245988,103.288124
11:15.0,103.115288,103.279409,103.263971,103.273724
11:19.4,103.119391,103.248201,103.224191,103.266014
11:24.8,103.218366,103.241163,103.23326,103.245864
11:29.9,103.168808,103.218716,103.263252,103.291492
11:34.8,103.099389,103.273993,103.262929,103.27128
11:39.9,103.037712,103.280789,103.268232,103.259181
11:44.9,103.107141,103.243921,,103.290441
11:49.4,103.111509,103.230597,103.314969,103.253034
11:54.4,103.144669,103.235706,103.275797,103.248195
12:00.0,103.091682,103.264952,103.287627,103.256789
12:04.9,103.11226,103.251114,103.257755,103.25136
,,,,
12:13.8,103.123847,103.228458,103.24241,103.212113
12:19.5,103.120766,103.255046,103.30282,103.256672
12:24.7,103.106067,103.242781,103.349465,103.228809
12:29.9,103.115306,103.260015,103.225982,103.212871
12:34.6,103.107339,103.260652,103.245545,103.289482
12:39.8,103.083644,103.27158,103.233212,103.255782
12:44.5,103.126163,103.24567,103.251783,103.257933
12:49.8,103.115409,103.20626,103.260148,103.188043
12:54.7,103.13542,103.260434,103.256459,103.233965
12:59.8,103.133445,103.234884,103.250843,103.243831
13:04.3,103.108274,103.312506,103.262675,103.288048
13:09.0,103.095524,103.298308,103.246461,103.255401
13:15.0,103.155989,103.213248,103.274722,103.251904
13:20.0,103.111222,103.260575,103.24808,103.254021
13:25.0,103.111218,103.155875,103.239532,103.236824
13:30.0,103.03874,103.233765,103.248727,103.238779
13:34.9,103.115082,103.19232,103.262086,103.209793
13:40.0,103.105034,103.291339,103.220816,103.258806
13:44.2,103.107933,103.224021,103.228631,103.211201
13:49.2,103.082674,103.213263,103.25347,103.285358
13:54.8,103.053848,103.241156,103.248341,103.224498
13:58.6,103.095697,103.143886,103.320465,103.238312
14:04.3,103.078563,103.245087,103.20563,103.233501
14:09.9,103.148011,103.246557,103.249474,103.249435
14:14.9,103.138025,103.275839,103.247098,103.246443
14:20.0,103.107557,103.252123,103.239079,103.273338
14:24.9,103.081198,103.243177,103.235564,103.30449
14:29.8,103.094478,103.266623,103.224846,103.238135
14:34.7,103.10022,103.213731,103.18604,103.28455
14:40.0,103.164549,103.209185,103.209551,103.217307
14:44.9,103.108255,103.225093,103.208051,103.244065
14:48.5,103.081218,103.223773,103.216059,103.24444
14:54.8,103.081022,103.30029,103.236687,103.262709
14:59.8,103.106645,103.248006,103.263265,103.253352
15:05.0,103.126777,103.238746,103.211093,103.247835
15:09.9,103.134986,103.169621,103.242408,103.233257
15:14.6,103.124572,103.242783,103.256825,103.251297
15:20.0,103.110415,103.240228,103.247368,103.241255
15:24.2,103.099585,103.246807,103.24994,103.232133
15:29.3,103.108091,103.228859,103.190568,103.269633
15:34.8,103.116922,103.250582,103.270111,103.254099
15:39.8,103.053759,103.244045,103.251758,103.299541
15:44.9,103.108582,103.252893,103.24984,103.246986
15:49.5,103.119578,103.247752,103.177552,103.250259
15:54.8,103.054132,103.258067,103.25202,103.238959
15:59.9,103.098855,103.317818,103.24796,103.255242
16:04.5,103.010814,103.273979,103.239575,103.256235
16:08.4,103.201428,103.242329,103.327019,103.240843
16:14.9,103.088977,103.213324,103.257535,103.223864
16:19.6,103.126439,103.245541,103.242554,103.239309
16:24.8,103.105241,103.243473,103.238745,103.276595
16:29.9,103.118768,103.259986,103.246204,103.268644
16:34.6,103.07871,103.239932,103.170359,103.239848
16:39.9,103.069825,103.184996,103.259735,103.263524
16:44.8,103.158682,103.279866,103.235303,103.245169
16:49.8,103.111133,103.275124,103.248124,103.264483
16:54.9,103.094064,103.227965,103.246854,103.299989
17:00.0,103.151314,103.194785,103.228753,103.244598
17:05.0,103.113221,103.230903,103.241718,103.260001
17:08.9,103.164292,103.241203,103.239134,103.254584
17:14.9,103.127026,103.261742,103.233001,103.277355
17:19.1,103.164895,103.24185,103.279084,103.247979
17:24.3,103.111959,103.265856,103.275575,103.260118
17:29.9,103.129611,103.197852,103.238021,103.263458
17:34.3,103.154146,103.24126,103.253002,103.246984
17:39.4,103.120749,103.250283,103.233368,103.275894
17:44.9,103.125303,103.269801,103.211002,103.265314
17:49.9,103.129556,103.210134,103.234746,103.246325
17:53.7,103.1142,103.257673,103.241252,103.198886
17:58.7,103.174368,103.197133,103.243813,103.262137
18:04.9,103.108505,103.280421,103.271609,103.278732
18:09.9,103.157025,103.226849,103.260144,103.269175
18:14.9,103.11503,103.267424,103.241674,103.256548
,,,,
18:24.8,103.119451,103.250463,103.232039,103.229301
18:30.0,103.066529,103.214894,103.333996,103.254554
18:35.0,103.118456,103.247225,103.235636,103.217838
18:39.9,103.118178,103.251027,103.257329,103.269637
18:45.0,103.121672,103.229243,103.28264,103.263641
18:49.6,103.111051,103.27774,103.234894,103.20326
18:54.5,103.204312,103.261933,103.292644,103.306671
18:59.6,103.115274,103.247941,103.262132,103.269507
19:04.8,103.123667,103.282002,103.261389,103.335978
,,,,
19:14.8,103.117192,103.290387,103.250335,103.283093
19:20.0,103.114039,103.26107,103.245712,103.274145
19:25.0,103.139415,103.259704,103.285159,103.305169
19:29.7,103.134497,103.270081,103.253443,103.303864
19:34.3,103.112032,103.25851,103.243321,103.28497
19:40.0,103.080825,103.349759,103.398223,103.288867
19:44.9,103.103417,103.270481,103.261021,
19:49.5,103.121479,103.284094,103.284337,103.272704
19:54.9,103.095458,103.256602,103.273069,103.275853
19:58.2,103.115539,103.26877,103.212137,103.298383
20:04.8,103.125785,103.265549,103.274788,103.291781
20:09.9,103.146461,103.268677,103.270155,103.224388
20:14.2,103.16654,103.291684,103.286692,103.273908
20:19.7,103.115528,103.290106,103.246545,103.26828
20:24.7,103.143038,103.252137,103.265309,103.318948
20:30.0,103.130523,103.283409,103.279364,103.245238
20:34.8,103.131685,103.336681,103.261845,103.256096
20:39.9,103.143541,103.275669,103.255952,103.247514
20:44.8,103.135817,103.247342,103.273327,103.263984
20:47.8,103.042434,103.193291,103.214277,103.251045
20:54.3,103.123225,103.267774,103.269223,103.276372
21:00.0,103.125529,103.247697,103.309187,103.258572
21:05.0,103.169604,103.306669,103.194359,103.29279
21:09.6,103.11002,103.303926,103.180651,103.289781
21:14.8,103.146429,103.279861,103.305357,103.278916
21:19.2,103.118497,103.255409,103.244139,103.245584
21:24.9,103.152611,103.278642,103.290534,103.318685
21:30.0,103.135059,103.279129,103.291182,103.288717
21:33.2,103.17074,103.250133,103.30358,103.301058
21:39.9,103.146976,103.214759,103.268612,103.237945
21:45.0,103.170568,103.283891,103.268167,103.281973
21:49.9,103.150173,103.286509,103.234661,103.26767
21:55.0,103.105806,103.268041,103.277835,103.283299
21:59.3,103.086898,103.304421,103.309945,103.274572
22:04.9,103.129223,103.276638,103.282632,103.327521
22:08.7,103.146433,103.276772,103.277945,103.310698
22:14.6,103.138671,103.221253,103.279653,103.263106
22:19.7,103.117968,103.252321,103.269059,103.352242
22:22.2,103.163712,103.33651,103.27681,103.327079
22:30.0,103.090948,103.272151,103.30792,103.311856
22:34.4,103.159905,103.300152,103.271873,103.297794
22:39.1,103.143457,103.290152,103.253086,103.223208
22:45.0,103.156614,103.236592,103.258363,103.321004
22:50.0,103.151764,103.311939,103.220993,103.27499
22:54.9,103.157496,103.276394,103.274834,103.296671
23:00.0,103.160589,103.324309,103.293239,103.252917
23:03.9,103.146986,103.315687,103.309112,103.286134
23:09.6,103.154912,103.299223,103.263158,103.278079
23:14.6,103.11886,103.195435,103.308109,103.282409
23:19.7,103.143151,103.233908,103.301266,103.258875
23:25.0,103.143377,103.296591,103.28126,103.303261
23:29.7,103.159394,103.272326,103.276452,103.296476
23:34.8,103.135689,103.281746,103.283189,103.264221
23:39.9,103.137637,103.272516,103.272943,103.275766
23:44.3,103.215299,103.2745,103.248853,103.314653
23:49.6,103.153789,103.281992,103.299026,103.244314
23:53.6,103.134572,103.285569,103.286337,103.285914
23:59.9,103.145637,103.283235,103.2954,103.289219
24:04.9,103.140542,103.2877,103.308522,103.272752
24:09.9,103.103605,103.272494,103.216043,103.317973
24:13.8,103.150131,103.271574,103.226975,103.284693
24:19.0,103.141168,103.285048,103.279998,103.346128
24:25.0,103.144561,103.275407,103.277669,103.259499
24:29.9,103.146827,103.29925,103.273969,103.297385
24:34.8,103.13764,103.299223,103.279761,103.294646
24:39.2,103.151614,103.261029,103.287099,103.285293
24:44.9,103.149417,103.313984,103.285167,103.27955
24:49.7,103.18411,103.24314,103.276604,103.288235
24:54.1,103.191161,103.286387,103.226473,103.310938
24:59.7,103.08768,103.261559,103.295605,103.269242
25:04.6,103.137746,103.345558,103.278961,103.252601
25:09.6,103.106474,103.26763,103.192175,103.297563
25:13.2,103.088461,103.294343,,103.249041
25:19.9,103.131294,103.267818,103.300538,103.295732
25:24.4,103.15984,103.283529,103.267305,103.265756
25:29.9,103.208746,103.380523,103.305275,103.282219
25:34.8,103.12339,103.305412,103.279586,103.277957
25:39.8,103.144036,103.279325,103.277457,103.349096
25:44.2,103.121325,103.283645,103.269767,103.30034
25:49.7,103.148805,103.245882,,103.262633
25:54.1,103.164048,103.312093,103.279221,103.259713
25:59.3,103.135228,103.268318,103.279713,103.285308
26:04.6,103.181163,103.268212,103.282825,103.277282
26:09.8,103.117973,103.264585,,103.249436
26:14.9,103.173001,103.277294,103.202846,103.285051
26:19.9,103.148419,103.297652,103.285918,103.272047
26:25.0,103.201741,103.302102,103.250663,103.298039
26:29.9,103.134655,103.287725,103.272953,103.311822
26:34.9,103.143269,103.274967,103.249843,103.224131
26:39.3,103.142885,103.284766,103.230846,103.285121
26:43.5,103.140497,103.259128,103.315652,103.251901
26:49.7,103.155057,103.270506,103.257686,103.273254
26:54.9,103.137806,103.224188,103.283666,103.317345
26:59.8,103.128677,103.261415,103.281354,103.278117
27:04.9,103.134217,103.309374,103.290974,103.272994
27:09.2,103.153439,103.289971,103.382679,103.262893
27:14.7,103.063035,103.283081,103.28466,103.231548
27:20.0,103.177954,103.271729,103.348093,103.269961
27:24.7,103.116606,103.284365,103.312796,103.293399
27:29.9,103.152277,103.288877,103.290531,103.266263
27:35.0,103.061474,103.260806,103.31173,103.267958
27:40.0,103.161025,103.258963,103.284622,103.275767
27:44.9,103.111791,103.277863,103.307315,103.30938
27:49.6,103.178249,103.265156,103.26301,103.318294
27:54.7,103.11276,103.254708,103.306205,103.284276
28:00.0,103.164917,103.280603,103.293045,103.278222
28:04.8,103.035577,103.277687,103.290603,103.274214
28:09.9,103.158674,103.246635,103.316382,103.268095
28:14.8,103.134371,103.30023,103.295594,103.263263
,,,,
28:23.7,103.079584,103.326537,103.27554,103.288549
28:29.5,103.110314,103.275378,103.304891,103.252458
28:35.0,103.156431,103.261171,103.194512,103.228642
28:39.9,103.132754,103.275376,103.289651,103.308881
28:44.7,103.122119,103.316509,103.266174,
28:49.9,103.161371,103.291773,103.271685,103.271092
28:54.5,103.10371,103.267385,103.294937,103.323209
28:59.9,103.144288,103.281416,103.31132,103.308813
29:05.0,103.127651,103.260837,103.293238,103.316839
29:09.9,103.145081,103.304756,103.280971,103.295712
29:14.7,103.143099,103.315768,103.315303,103.275722
29:19.7,103.18791,103.274042,103.302417,103.277583
29:24.7,103.125716,103.277934,103.286313,103.237732
29:29.1,103.14558,103.277386,103.271463,103.303022
29:33.5,103.153372,103.305246,103.285913,103.318925
29:39.8,103.184063,103.3114,103.324207,103.291645
29:44.7,103.149192,103.290396,103.347065,103.288057
29:50.0,103.077324,103.281552,103.274693,103.29353
29:55.0,103.218863,103.259177,103.314167,103.299738
29:59.8,103.15035,103.285004,103.310057,103.321696
30:04.6,103.170376,103.315156,103.305282,103.29765
30:09.9,103.161994,103.304103,103.325075,103.272088
30:14.7,103.152428,103.271222,103.291328,103.287749
30:19.8,103.178419,103.289047,103.269906,103.300557
30:24.8,103.253952,103.287374,103.284721,
30:29.8,103.178314,103.342275,103.295205,103.270428
30:34.9,103.141134,103.311274,103.297647,103.313229
30:39.9,103.184019,103.291523,103.299427,103.293566
30:44.9,103.169011,103.345175,103.310847,103.351685
30:49.2,103.158265,103.223732,103.332841,103.316883
30:54.6,103.156472,103.330611,103.319703,103.298059
31:00.0,103.096698,103.290774,103.338501,103.290703
31:05.0,103.160335,103.26086,103.294544,103.347502
31:09.5,103.196012,103.288495,103.323555,103.316677
31:14.3,103.196777,103.326365,103.337712,103.331761
31:19.9,103.155898,103.290942,103.307787,103.314456
31:24.8,103.209798,103.316418,103.304544,103.313355
31:28.8,103.244428,103.293491,103.297563,103.290282
31:34.9,103.1609,103.352504,103.297548,103.289268
31:40.0,103.19613,103.292289,103.309688,103.375724
31:45.0,103.173322,103.307427,103.307805,103.306109
31:49.9,103.146419,103.310728,103.296095,103.314697
31:54.5,103.145572,103.299978,103.322701,103.323712
32:00.0,103.253695,103.314368,103.332256,103.292125
32:03.5,103.148796,103.386834,103.317995,103.334836
32:09.6,103.186029,103.263938,103.299534,103.354398
32:15.0,103.169247,103.328067,103.309197,103.302129
32:19.9,103.198415,103.353181,103.313877,103.329547
32:25.0,103.167298,103.291809,103.281011,103.339359
32:30.0,103.176411,103.239958,103.264116,103.330404
32:33.5,103.222609,103.298385,103.289414,103.32219
32:39.5,103.171331,103.308178,103.293737,103.180605
32:45.0,103.206254,103.295759,103.313755,103.286356
32:48.2,103.178585,103.306474,103.304064,103.248629
32:54.3,103.180106,103.309386,103.231872,103.283617
32:59.1,103.149608,103.326517,103.287473,103.329378
33:05.0,103.140701,103.318779,103.341164,103.302118
33:09.8,103.14082,103.31156,103.341274,103.305327
33:15.0,103.193532,103.289285,103.293508,103.308407
33:19.9,103.163438,103.332997,103.282371,103.310203
33:24.7,103.170904,103.303992,103.298576,103.300185
33:29.6,103.126839,103.303713,103.314546,103.288483
33:34.7,103.155529,103.317948,103.301176,103.277016
33:39.9,103.22067,103.309289,103.335271,103.31166
33:45.0,103.161288,103.357215,103.315465,103.307825
33:50.0,103.160394,103.29243,103.295327,103.346375
33:54.1,103.182321,103.299457,103.3103,103.326908
34:00.0,103.158238,103.332952,103.296042,103.302487
34:04.7,103.168373,103.299878,103.272055,103.297295
34:09.9,103.150578,103.348638,103.35998,103.317238
34:14.7,103.144446,103.324467,103.310034,103.29019
34:19.6,103.187433,103.326594,103.324487,103.328393
34:24.9,103.108786,103.300046,103.305585,103.331539
34:30.0,103.217964,103.328269,103.32467,103.331408
34:34.7,103.185586,103.327198,103.331375,103.377787
34:39.8,103.189109,103.317711,103.33872,103.347482
34:44.7,103.217533,103.328053,103.317604,103.373078
34:50.0,103.193295,103.315983,103.314962,103.336456
34:54.2,103.191028,103.372522,103.326674,
34:59.8,103.193317,103.327496,103.332581,103.409669
35:04.7,103.206704,103.364411,103.321539,103.355121
35:09.9,103.199146,103.344088,103.338019,103.308643
35:14.0,103.211441,103.325366,103.363909,103.321162
35:19.8,103.203307,103.317758,103.335978,103.354857
35:24.7,103.182115,103.345123,103.310092,103.340368
35:29.9,103.220017,103.343238,103.339411,103.35078
35:34.8,103.244947,103.313559,103.348313,103.359973
35:39.9,103.178646,103.351011,103.371134,103.365357
35:44.7,103.216454,103.348953,103.344944,103.312778
35:49.9,103.202349,103.358561,103.311997,103.34585
35:54.7,103.207552,103.358025,103.334442,103.290217
35:59.6,103.160475,103.346065,103.368333,103.369289
36:04.8,103.198289,103.353041,103.341085,103.316911
36:09.5,103.195073,103.342798,103.341183,103.321864
36:15.0,103.202495,103.371669,103.34308,103.354589
36:20.0,103.199678,103.351312,103.358393,103.417853
36:24.7,103.165198,103.382214,103.367808,103.351156
36:30.0,103.179322,103.29026,103.331936,103.398454
36:34.1,103.177619,103.341505,103.335986,103.349298
36:39.9,103.210658,103.306531,103.325982,103.346155
36:44.5,103.224156,103.392801,103.297989,103.366556
36:50.0,103.235601,103.339069,103.377887,103.339263
36:54.7,103.206484,103.338108,103.357797,103.334328
37:00.0,103.210934,103.367006,103.34073,103.369175
37:04.9,103.201021,103.288239,103.405697,103.338423
37:08.7,103.189894,103.385266,103.328626,103.347554
37:14.2,103.194611,103.365418,103.317613,103.360626
37:19.8,103.188247,103.348337,103.365986,103.368085
37:24.9,103.203435,103.301098,103.30574,103.375673
37:30.0,103.153713,103.341012,103.385472,103.314232
37:34.8,103.182435,103.364824,103.333571,103.365717
37:39.9,103.209955,103.319717,103.33974,103.344369
37:44.8,103.203419,103.323807,103.342266,103.341564
37:49.8,103.231903,103.333587,103.345328,103.329248
37:54.9,103.206606,103.319771,103.402205,103.384996
37:59.8,103.188326,103.311935,103.323465,103.326714
38:05.0,103.172864,103.372385,103.371216,103.341171
38:09.7,103.206409,,103.360741,103.432421
38:14.1,103.22846,103.315044,103.331591,103.296653
38:18.5,103.204094,103.349043,103.335559,103.342879
38:24.8,103.203313,103.328504,103.335811,103.391809
38:29.8,103.199853,103.32707,103.419504,103.338597
38:34.2,103.23461,103.413865,103.339341,103.352028
38:38.9,103.191248,103.368521,103.394669,103.348689
38:44.8,103.162652,103.331278,103.345617,103.36879
38:49.9,103.192467,103.353708,103.329348,103.378654
38:54.3,103.208689,103.323744,103.340711,103.363281
38:59.8,103.188269,103.341648,103.35603,103.397271
39:05.0,103.191261,103.325517,103.329879,103.326749
39:09.5,103.206267,103.322094,103.294824,103.394531
39:14.7,103.319448,103.343706,103.360848,103.369556
39:19.4,103.221353,103.314349,103.354783,103.329855
39:24.1,103.237211,103.389241,103.346337,103.340077
39:29.7,103.203467,103.34655,103.337591,103.360404
39:33.9,103.206091,103.377472,103.38221,103.372422
39:39.9,103.197523,103.328632,103.396947,103.350612
39:44.5,103.188908,103.307819,103.345642,103.340151
39:49.3,103.247162,103.33105,103.284861,103.327162
39:54.9,103.17294,103.340278,103.33878,103.360965
40:00.0,103.203017,103.410275,103.373664,103.321242
40:04.7,103.236232,103.327579,103.359243,103.324881
40:09.7,103.216643,103.351884,103.363273,103.36713
40:14.8,103.158808,103.365918,103.441437,103.324865
40:20.0,103.197861,103.379522,103.361162,103.396
40:24.8,103.282661,103.361542,103.357603,103.364073
40:29.4,103.192318,103.348847,103.363973,103.365065
40:34.9,103.228048,103.356749,103.39688,103.364616
40:40.0,103.233498,103.405371,103.346902,103.367826
,,,,
40:49.6,103.210075,103.301421,103.351968,103.38905
40:54.9,103.253702,103.386286,103.375199,103.45266
41:00.0,103.192857,103.372631,103.35215,103.3615
41:05.0,103.239558,103.41617,103.388045,103.386872
41:09.5,103.252948,103.356679,103.427945,103.405858
41:14.3,103.259073,103.347831,103.355662,103.33077
41:19.9,103.219536,103.364244,103.363632,103.370053
41:24.9,103.218753,103.238874,103.349395,103.344643
41:29.4,103.255944,103.346274,103.353176,103.359448
41:33.3,103.280577,103.35376,103.360476,103.377197
41:39.8,103.226808,103.365256,103.371104,103.364804
41:45.0,103.225486,103.366009,103.337956,103.34315
,,,,
41:54.8,103.224882,103.31112,103.363351,103.388019
42:00.0,103.228732,103.344225,103.421039,103.400115
42:05.0,103.24985,103.398736,103.356718,103.362998
42:09.5,103.236082,103.412202,103.392242,103.351427
42:13.8,103.22668,103.362809,103.430823,103.373989
42:19.8,103.222895,103.367469,103.380863,103.369575
42:24.7,103.189106,103.316767,103.355753,103.355313
42:29.9,103.232549,103.31893,103.358956,103.411029
42:34.5,103.263733,103.319304,103.345413,103.36305
42:39.7,103.237521,103.381926,103.351285,103.353281
42:44.6,103.248648,103.32311,103.348297,103.343026
42:49.4,103.183228,103.318026,103.386025,103.388391
42:52.7,103.238003,103.373102,103.356956,103.361753
42:59.6,103.249407,103.364049,103.327893,103.345313
43:04.8,103.237253,103.320454,103.387871,103.36076
43:08.8,103.232057,103.334912,103.340884,103.335362
43:14.2,103.23494,103.362345,103.345526,103.419237
43:20.0,103.252755,103.359647,103.36044,103.397428
43:24.7,103.220941,103.382823,103.328504,103.346172
43:28.9,103.314662,103.395648,103.356979,103.340623
43:34.9,103.184099,103.368575,103.380389,103.355052
43:38.9,103.21812,103.379932,103.373917,103.365334
43:44.8,103.211582,103.349791,103.36226,103.377112
43:49.9,103.216442,103.336188,103.34064,103.34335
43:54.7,103.201173,103.369098,103.347374,103.367598
43:59.9,103.231348,103.402515,103.366801,103.356803
44:04.3,103.202789,103.352363,103.323483,103.376598
44:09.9,103.309658,103.382478,103.363389,103.335592
44:14.7,103.21409,103.384522,103.362038,103.324617
44:20.0,103.275053,103.397355,103.388485,103.295346
44:24.6,103.191075,103.373663,103.370463,103.366405
44:29.5,103.231572,103.383261,103.370634,103.377659
44:34.9,103.217809,103.366697,103.385223,103.347069
44:39.8,103.220043,103.387879,103.371292,103.379181
44:44.8,103.267183,103.341476,103.356003,103.357905
44:49.9,103.208404,103.385664,103.370377,103.32623
44:54.5,103.209101,103.346718,103.350875,103.437785
45:00.0,103.204403,103.364965,103.349163,103.381727
45:04.7,103.21613,103.374771,103.37063,103.361347
45:09.5,103.219834,103.357291,103.354328,103.350302
45:14.9,103.232466,103.318907,103.34366,103.366371
45:19.8,103.22532,103.377712,103.375802,103.412335
45:24.9,103.231672,103.373807,103.377254,103.413705
45:30.0,103.220752,103.350867,103.369725,103.453188
45:35.0,103.228011,103.334049,103.35278,103.372153
45:39.3,103.224913,103.372585,103.38973,103.371809
45:44.5,103.186561,103.333999,103.368862,103.431625
45:49.9,103.248705,103.388049,103.319068,103.375284
45:54.8,103.231856,103.384983,103.364,103.380834
45:59.8,103.234805,103.341071,103.352818,103.378085
46:05.0,103.218399,103.393014,103.36568,103.400978
46:09.8,103.252927,103.361877,103.392221,103.371248
46:14.8,103.246118,103.374026,103.37369,103.391943
46:19.7,103.240768,103.3712,103.385231,103.354451
46:24.2,103.214508,103.375209,103.399119,103.394979
46:28.8,103.211538,103.394821,103.35639,103.462083
46:34.4,103.160335,103.341189,103.347757,103.390699
46:39.9,103.292349,103.355727,103.360282,103.342779
46:44.5,103.234369,103.409828,103.361769,103.371727
46:49.5,103.208006,103.419769,103.360226,103.362034
46:54.6,103.207442,103.388923,103.364569,103.343798
46:59.6,103.246904,103.331727,103.351063,103.356391
47:04.6,103.236769,103.346038,103.298323,103.375883
47:09.8,103.225685,103.38443,103.364681,
47:14.7,103.242814,103.359802,103.382687,103.321186
47:20.0,103.269662,103.356413,103.385577,103.326893
47:25.0,103.218004,103.363758,103.420007,103.466406
47:29.7,103.229873,103.368697,103.361076,103.39419
47:34.8,103.224386,103.350386,103.369622,103.385205
47:39.9,103.218183,103.344934,103.369934,103.282428
47:44.9,103.221441,103.329964,103.368931,103.362866
47:49.8,103.234647,103.396761,103.378356,103.371073
47:54.7,103.278646,103.368435,103.364694,103.366074
47:59.8,103.25153,103.315709,103.312741,103.440753
48:04.9,103.209678,103.370328,103.335622,103.364017
48:09.9,103.187017,103.370805,103.383167,103.340255
48:14.9,103.194985,103.35617,103.33586,103.323712
48:19.9,103.20638,103.362785,103.358106,103.3732
48:25.0,103.203005,103.34666,103.352427,103.399477
48:28.4,103.215717,103.376236,103.342516,103.360264
48:34.2,103.215835,103.33819,103.356545,103.345496
48:39.2,103.24811,103.349781,103.290707,103.329988
48:44.6,103.229958,103.312937,103.318884,103.355662
48:49.5,103.232117,103.395439,103.360617,103.32324
48:54.8,103.208264,103.354813,103.32164,103.354163
48:59.8,103.216607,103.347654,103.339395,103.362533
49:05.0,103.215495,103.364616,103.319814,103.349518
49:09.9,103.205294,103.352859,103.316669,103.34658
49:14.9,103.189951,103.316085,103.333582,103.290918
49:20.0,103.252502,103.330048,103.355829,103.35104
49:25.0,103.210367,103.326547,103.324348,103.376125
49:30.0,103.216152,103.3156,103.351691,103.346637
49:34.9,103.164868,103.355392,103.347809,103.350635
49:39.8,103.200711,103.333288,103.336986,103.339555
49:44.9,103.229701,103.307025,103.340173,103.292094
49:49.9,103.211002,103.299604,103.356152,103.363603
49:54.9,103.208386,103.333494,103.362962,103.355112
49:59.9,103.193564,103.334273,103.349539,103.314895
50:04.8,103.196084,103.30481,103.311831,103.349973
50:09.8,103.24197,103.359712,103.342572,103.337676
50:14.9,103.227962,103.370679,103.363968,103.347729
50:19.7,103.155414,103.355065,103.350349,103.343331
50:24.8,103.169961,103.356395,103.361069,103.383288
50:30.0,103.195991,103.363162,103.317041,103.428053
50:35.0,103.177514,103.317164,103.371122,103.326775
50:39.4,103.197437,103.292914,103.361749,103.347625
50:43.9,103.22089,103.365569,103.356183,103.335522
50:50.0,103.204455,103.289047,103.323601,103.309507
50:55.0,103.212077,103.360393,103.327677,103.372574
50:59.7,103.200886,103.367072,103.359935,103.347505
51:04.9,103.228824,103.346346,103.333948,103.357834
51:07.8,103.227549,103.359505,103.342534,103.388979
51:15.0,103.199039,103.367614,103.348568,103.337225
51:19.4,103.25378,103.360474,103.338228,103.327204
51:24.3,103.1359,103.343279,103.350083,103.407896
51:29.4,103.220043,103.339031,103.451716,103.355087
51:34.9,103.212012,103.341597,103.282336,103.353117
51:39.3,103.255089,103.36666,103.379622,103.445837
51:44.1,103.222571,103.358844,103.372737,103.350718
51:49.8,103.193452,103.357965,103.35513,103.336999
51:54.9,103.218066,103.344483,103.35963,103.367613
51:59.9,103.205283,103.382285,103.352079,103.36968
52:04.8,103.23701,103.338966,103.385727,103.303129
52:09.9,103.230183,103.352807,103.348166,103.363209
52:14.9,103.190137,103.354848,103.38418,103.374865
52:19.2,103.240612,103.357307,103.387085,103.344405
52:24.4,103.213218,103.354846,103.276685,103.363856
52:29.7,103.249052,103.352198,103.367209,103.36912
52:34.3,103.204242,103.353372,103.353163,103.366417
52:39.7,103.221977,103.364484,103.337312,103.388073
52:43.7,103.222482,103.340409,103.354217,103.322576
52:49.5,103.193305,103.346418,103.376678,103.416685
52:54.3,103.211463,103.340475,103.301336,103.367491
52:59.8,103.227879,103.363446,103.326202,103.358857
53:04.9,103.218613,103.343878,103.353528,103.319666
53:09.6,103.209551,103.354676,103.350907,103.361189
53:14.6,103.172368,103.352016,103.328649,103.3602
53:19.8,103.223577,103.268661,103.354804,103.408324
53:25.0,103.208252,103.390455,103.356157,103.318496
53:29.7,103.223247,103.354134,103.312663,103.368773
53:35.0,103.217384,103.337621,103.373865,103.345245
53:39.8,103.189866,103.356309,103.412612,103.346912
53:42.4,103.245425,103.372818,103.351127,103.34739
53:48.4,103.219711,103.368852,103.379464,103.378124
53:55.0,103.20509,103.337516,103.339943,103.331614
53:59.7,103.15623,103.357684,103.33246,103.330571
54:04.6,103.193116,103.310573,103.326513,103.328732
54:08.9,103.203204,103.370811,103.344781,103.394586
54:15.0,103.213408,103.350497,103.346588,103.333661
54:20.0,103.19665,103.341247,103.377701,103.361626
54:24.0,103.20802,103.332394,103.31972,103.349937
54:29.9,103.212635,103.34349,103.335616,103.344476
54:34.3,103.131263,103.354936,103.367486,103.350269
54:39.7,103.209861,103.305707,103.338176,103.348033
54:43.9,103.235989,103.392332,103.364766,103.313325
54:48.3,103.185726,103.363313,103.335797,103.365573
54:55.0,103.210267,103.342709,103.34026,103.362691
54:59.9,103.182257,103.365366,103.319328,103.327862
55:04.4,103.18772,103.327435,103.36407,103.350381
55:09.2,103.240563,103.354083,103.333533,103.387141
55:13.9,103.196064,103.322239,103.310758,103.32842
55:19.2,103.219244,103.287241,103.290942,103.40451
55:24.0,103.195653,103.329089,103.319346,103.370122
55:29.5,103.195295,103.336515,103.31889,103.303452
55:34.3,103.236559,103.333619,103.339692,103.369381
55:39.6,103.206914,103.307927,103.340846,103.355623
55:44.9,103.206409,103.297534,103.341873,103.32082
55:49.6,103.192394,103.328792,103.334833,103.387275
55:54.4,103.153049,103.215346,103.342136,
55:59.5,103.201819,103.303647,103.327674,103.302464
56:04.4,103.165108,103.348196,103.284947,103.372153
56:07.6,103.268891,103.328651,103.341879,103.32633
56:14.9,103.182742,103.332042,103.334353,103.343999
56:20.0,103.202231,103.335085,103.35335,103.332394
56:24.3,103.202838,103.341858,103.369692,103.387116
,,,,
56:35.0,103.207707,103.368347,103.412626,103.390997
56:39.9,103.237416,103.329656,103.327295,103.385861
56:44.5,103.205109,103.308909,103.387324,103.330507
56:49.6,103.194153,103.334685,103.327533,103.346217
56:54.7,103.213942,103.33656,103.321888,103.341638
56:59.7,103.246543,103.342271,103.353183,103.351073
57:04.8,103.205385,103.299377,103.291827,103.36415
57:09.8,103.227979,103.378711,103.312073,103.358153
57:15.0,103.219813,103.359481,103.359661,103.327945
57:19.7,103.197367,103.350699,,103.338167
57:23.0,103.212861,103.380845,103.353784,103.311609
57:29.8,103.196306,103.374859,103.338828,103.343459
57:34.8,103.218705,103.337045,103.391115,103.294297
57:39.8,103.22808,103.353944,103.384916,103.388381
57:44.9,103.220699,103.320897,103.3639,103.3181
57:49.1,103.227722,103.349049,103.346099,103.356455
57:55.0,103.240826,103.365435,103.34464,103.323778
57:59.7,103.208336,103.35018,103.377858,103.397191
58:04.6,103.206439,103.337751,103.351792,103.375012
58:09.7,103.1816,103.355238,103.331298,103.340809
58:14.9,103.176612,103.351166,103.305607,103.32115
58:19.8,103.204221,103.32922,103.33473,103.32015
58:23.7,103.218763,103.334603,103.335219,103.32605
58:29.2,103.165865,103.35827,103.337273,103.349595
58:34.9,103.204821,103.311192,103.349961,103.360515
58:39.1,103.186025,103.348923,103.318409,103.367742
58:44.4,103.21432,103.353717,103.34364,103.348842
58:49.9,103.208205,103.301803,103.295872,103.344548
58:54.4,103.233831,103.342735,103.363438,103.347336
58:59.9,103.290456,103.416896,103.362251,103.369558
59:04.7,103.214557,103.30817,103.377282,103.381823
59:09.9,103.208444,103.290625,103.349045,103.348736
59:14.6,103.180805,103.310044,103.336878,103.360001
59:19.9,103.22488,103.362982,103.345736,103.344998
59:24.7,103.17303,103.311757,103.342791,103.410477
59:29.9,103.174797,103.329276,103.350417,103.304461
59:34.7,103.206784,103.266975,103.324296,103.349888
59:39.7,103.242806,103.289653,103.333184,103.374726
59:45.0,103.193246,103.341187,103.360844,103.329859
59:49.8,103.191981,103.333677,103.362164,103.351734
59:54.8,103.204465,103.321201,103.287857,103.35422
00:00.0,103.193109,103.33486,103.359664,103.38195
00:04.4,103.18132,103.353062,103.310795,103.287775
00:09.9,103.186523,103.312043,103.299852,103.35974
00:14.3,103.192555,103.326429,103.390719,103.368802
00:19.5,103.171483,103.375239,103.320392,103.29396
00:24.3,103.185097,103.387056,103.336295,103.327992
00:29.9,103.248753,103.338765,103.268434,103.345007
00:34.9,103.190705,103.288741,103.287906,103.341138
00:39.2,103.183416,103.348482,103.335974,103.339367
00:44.0,103.190878,103.312604,103.347712,103.396929
00:50.0,103.191117,103.325826,103.328736,103.326418
00:54.8,103.179551,103.320061,103.338977,103.323951
00:59.9,103.181678,103.332972,103.381655,103.326633
01:04.2,103.203877,103.332547,103.385167,103.306496
01:09.9,103.193469,103.322023,103.346086,103.318524
01:14.3,103.243773,103.403672,103.317699,103.30746
01:19.6,103.141836,103.329681,103.338998,103.343514
01:24.9,103.173091,103.371945,103.346529,103.37217
01:30.0,103.200375,103.332499,103.279485,103.352247
01:34.2,103.148546,103.32669,103.334275,103.350681
01:39.8,103.183902,103.327208,103.346691,103.323414
01:44.1,103.150853,103.321391,103.346214,103.327046
01:49.5,103.200169,103.266548,103.324748,103.305877
01:53.9,103.228821,103.326013,103.318473,103.32695
01:59.2,103.188771,103.293325,103.351091,103.327572
02:04.5,103.202184,103.30493,103.282742,103.391053
02:08.1,103.220184,103.351332,103.343577,103.340788
02:14.9,103.189059,103.332654,103.347217,103.315621
02:17.7,103.19662,103.283963,103.314054,103.307373
02:24.9,103.16767,103.322364,103.332717,103.341593
02:30.0,103.226684,103.339424,103.316504,103.314777
02:34.8,103.219245,103.354374,103.303632,103.332376
02:40.0,103.242849,103.368065,103.342279,103.37486
02:44.5,103.179595,103.363044,103.311748,103.400337
02:48.9,103.210613,103.329438,103.35684,103.307346
02:54.7,103.184383,103.296316,103.3485,103.330695
03:00.0,103.209495,103.336152,103.309616,103.332638
03:04.8,103.165257,103.363097,103.377559,103.427794
03:09.8,103.180977,103.329317,103.33937,103.334462
03:12.6,103.206834,103.360458,103.355783,103.331273
03:19.8,103.228245,103.331295,103.30063,103.332861
03:24.6,103.191375,103.335879,103.35389,103.317379
03:29.6,103.223559,103.319289,103.34321,103.243408
03:34.3,103.220734,103.346683,103.329905,103.348382
03:39.9,103.205517,103.337066,103.334121,103.34585
03:44.9,103.206425,103.374756,103.327802,103.329382
03:50.0,103.197954,103.331448,103.324702,103.350536
03:54.8,103.222751,103.332094,103.323343,103.343356
03:59.8,103.158897,103.306773,103.354143,103.352499
04:04.8,103.131405,103.349697,103.320242,103.337371
04:10.0,103.215058,103.3443,103.307265,103.3388
04:14.8,103.211556,103.388707,103.289802,103.346108
04:19.8,103.196903,103.354718,103.286379,103.342646
04:24.6,103.161394,103.345329,103.350149,103.37
04:29.9,103.184621,103.349072,103.335618,103.37844
04:34.6,103.197016,103.250387,103.327009,103.380206
04:40.0,103.257466,103.275038,103.364916,103.30076
04:45.0,103.178547,103.266984,103.366904,103.335556
04:49.9,103.167733,103.354935,103.33168,103.323929
04:54.9,103.224584,103.353682,103.361872,103.309882
04:59.7,103.180176,103.339025,103.329478,103.343938
05:04.8,103.191835,103.333637,103.338617,
05:09.9,103.141539,103.345742,103.329288,103.388241
05:14.7,103.20555,103.378691,103.310898,103.338887
05:19.8,103.197966,103.33713,103.340997,
05:24.7,103.198164,103.312158,103.321412,103.357833
05:29.7,103.170234,103.347112,103.304884,103.34561
05:32.5,103.178737,103.342273,103.400639,103.364435
05:39.7,103.223642,103.358937,103.331493,103.3465
05:44.9,103.323076,103.333653,103.390027,103.350288
05:49.6,103.209141,103.348112,103.346412,103.284091
05:54.8,103.238197,103.325299,103.320106,103.338125
06:00.0,103.210722,103.352122,103.334634,103.347524
06:04.9,103.204702,103.339172,103.430843,103.347362
06:09.9,103.191261,103.381062,103.350538,103.413915
06:14.9,103.161006,103.331727,103.371913,103.325571
06:19.8,103.186523,103.400977,103.322894,103.336198
06:24.8,103.215019,103.358016,103.342409,103.332814
06:30.0,103.186591,103.361506,103.421122,103.34749
06:34.5,103.221229,103.340132,103.331654,103.346982
06:39.5,103.204399,103.357056,103.391357,103.346368
06:44.9,103.185834,103.347355,103.331312,103.36026
06:50.0,103.2029,103.33407,103.346001,103.336908
06:54.8,103.203725,103.330311,103.342316,103.333574
06:59.7,103.217427,103.315775,103.341745,103.343912
07:04.9,103.226284,103.342511,103.355453,103.342515
07:10.0,103.182739,103.339397,103.331421,103.348767
07:14.7,103.198813,103.367825,103.329939,103.327424
07:19.8,103.267318,103.383358,103.342832,103.358348
07:24.8,103.247301,103.321519,103.356243,103.365878
07:29.6,103.193206,103.327455,103.290669,103.348766
07:33.4,103.212559,103.346857,103.334638,103.360636
07:39.9,103.146107,103.348989,103.297493,103.348642
07:44.6,103.200954,103.32234,103.356741,103.352901
07:48.7,103.2016,103.333153,103.411876,103.316249
07:54.8,103.165535,103.335756,103.348046,103.347858
07:59.3,103.184921,103.332782,103.343609,103.367246
08:04.8,103.228033,103.342417,103.355212,103.289361
08:10.0,103.175432,103.388462,103.336498,103.330229
08:13.8,103.194002,103.319908,103.354465,103.343881
08:19.7,103.266727,103.379111,103.334641,103.35407
08:24.5,103.209842,103.327272,103.338699,103.277733
08:30.0,103.180797,103.342027,103.339372,103.310708
08:34.5,103.245709,103.331746,103.319858,103.331255
08:39.9,103.208119,103.317402,103.351429,103.327028
08:44.8,103.211846,103.332143,103.322294,103.350884
08:49.9,103.205839,103.321919,103.347494,103.322631
08:55.0,103.174078,103.322168,103.300321,103.339761
09:00.0,103.263924,103.391628,103.30012,103.317365
09:04.8,103.193537,103.336871,103.289187,103.340958
09:09.7,103.263179,103.330778,103.335032,103.311445
09:14.8,103.220558,103.355341,103.293003,103.333663
09:19.9,103.191074,103.398587,103.250172,103.32977
09:25.0,103.198489,103.338783,103.335715,103.326301
09:29.6,103.213227,103.356449,103.33858,103.35078
09:34.1,103.196795,103.281632,103.328531,103.327358
09:38.9,103.209571,103.333644,103.337126,103.326394
09:44.9,103.12263,103.349693,103.373709,103.356714
09:50.0,103.232273,103.256845,103.333709,103.344187
,,,,
09:58.1,103.212327,103.350612,103.277723,103.325349
10:04.5,103.184881,103.340302,103.333516,103.333488
10:09.8,103.195282,103.287484,103.344549,103.334623
10:15.0,103.184831,103.349072,103.284464,103.346017
10:19.7,103.200521,103.3541,103.359168,103.331025
10:24.8,103.157054,103.362981,103.30044,103.348044
10:29.9,103.226079,103.321524,103.349886,103.330426
10:34.9,103.193003,103.269561,103.356639,103.350333
10:40.0,103.200659,103.321082,103.329494,103.326338
10:43.3,103.213645,103.342555,103.321299,103.298367
10:49.9,103.195171,103.335496,103.302226,103.344215
10:54.9,103.197785,103.322489,103.285721,103.346036
10:59.5,103.170259,103.349786,103.331722,103.335607
11:03.7,103.2385,103.305086,103.361006,103.314171
11:09.4,103.239627,103.320475,103.325887,103.316027
11:15.0,103.184369,103.342339,103.323831,103.318254
11:19.8,103.210275,103.32534,103.319993,103.325871
11:24.8,103.181377,103.350759,103.310849,103.295091
11:29.6,103.203304,103.316718,103.322043,103.274418
11:34.9,103.16656,103.30472,103.367693,103.358771
11:39.9,103.185595,103.345837,103.327914,103.328533
11:43.9,103.159011,103.317217,103.327092,103.319924
11:49.5,103.190485,103.322047,103.331748,103.376585
11:53.9,103.186775,103.356724,103.308858,103.330244
11:59.2,103.178389,103.26054,103.357919,103.336191
12:04.9,103.128833,103.334793,103.323454,103.339264
12:09.8,103.15411,103.327996,103.346521,103.343423
12:14.8,103.185358,103.333104,103.330532,103.339478
12:19.3,103.183351,103.311394,103.31782,103.325082
12:24.5,103.185979,103.311368,103.331334,103.325172
12:29.7,103.241748,103.266566,103.350225,103.32162
12:35.0,103.172075,103.280074,103.322405,103.340714
12:39.1,103.1928,103.278715,103.317642,103.303651
12:44.6,103.154039,103.311828,103.318807,103.291265
12:49.9,103.189404,103.314365,103.356171,103.328622
12:52.1,103.173688,103.338471,103.302925,103.318472
13:00.0,103.175202,103.363197,103.381022,103.32382
13:04.5,103.173884,103.30892,103.32541,103.321276
13:08.7,103.213962,103.312321,103.332057,103.403385
13:14.8,103.114787,103.320579,103.278887,103.331079
13:19.9,103.201573,103.365171,103.335021,103.324604
13:24.7,103.166188,103.318179,103.29002,103.328559
13:29.4,103.170059,103.331199,103.315562,103.365902
13:34.9,103.156105,103.316075,103.314557,103.306119
13:39.7,103.196517,103.372514,103.318983,103.328765
13:44.7,103.151677,103.32223,103.306737,103.322461
13:49.7,103.197195,103.286585,103.337581,103.315788
13:54.9,103.16905,103.305881,103.276641,103.311727
13:59.9,103.192104,103.330879,103.295239,103.330518
14:04.5,103.211505,103.321848,103.344189,103.324746
14:09.2,103.179047,103.305995,103.335235,103.410387
14:14.9,103.190083,103.350881,103.341004,103.313484
14:19.7,103.166555,103.332605,103.324274,103.336891
14:24.8,103.189042,103.331949,103.335577,103.282519
14:29.5,103.183939,103.340341,103.346531,103.471244
14:35.0,103.198434,103.315696,103.321515,103.362481
14:40.0,103.17007,103.349032,103.412467,103.350463
14:44.9,103.175991,103.320187,103.336754,103.350905
14:49.8,103.177017,103.272415,103.301819,103.35528
14:55.0,103.168332,103.38493,103.281807,103.339097
14:59.4,103.225448,103.315581,103.349109,103.358815
15:04.7,103.211441,103.324233,103.325252,103.328844
15:09.8,103.142117,103.319449,103.329694,103.314924
15:14.9,103.20431,103.301146,103.306969,103.311946
15:19.9,103.197889,103.327819,103.353489,103.312124
15:24.9,103.220025,103.357261,103.343106,103.338603
15:29.9,103.130273,103.321881,103.372273,103.295105
15:34.5,103.194189,103.340544,103.323142,103.356041
15:38.9,103.192898,103.39648,103.327309,103.330044
15:44.5,103.183103,103.35387,103.325936,103.313263
15:49.9,103.172343,103.286933,103.418076,103.346374
15:55.0,103.165125,103.367541,103.335868,103.315459
15:59.6,103.200057,103.325346,103.262023,103.328044
16:05.0,103.221787,103.332502,103.320958,103.331359
16:09.7,103.155892,103.333975,103.361165,103.378068
16:15.0,103.18283,103.329926,103.317333,103.323607
16:19.7,103.197045,103.320666,103.323986,103.215101
16:24.1,103.181462,103.340636,103.340475,103.349782
16:29.3,103.157025,103.309076,103.352872,103.321191
16:35.0,103.157829,103.307465,103.35936,103.307787
16:39.6,103.189425,103.312584,103.335161,103.375626
16:44.7,103.174534,103.342403,103.323025,103.36089
16:49.2,103.195034,103.350416,103.323132,103.313174
16:55.0,103.195628,103.313064,103.30623,103.321807
16:59.5,103.214645,103.385258,103.334019,103.330261
17:04.7,103.18636,103.360144,103.339635,103.346415
17:10.0,103.214294,103.352853,103.340343,103.327949
17:14.9,103.188458,103.263375,103.337371,103.335555
17:19.3,103.223254,103.332339,103.361042,103.305959
17:25.0,103.190007,103.365953,103.318133,103.324108
17:29.8,103.184242,103.327027,103.345829,103.348646
17:34.8,103.197972,103.350158,103.337564,103.335259
17:39.7,103.212386,103.338219,103.322348,103.318761
17:45.0,103.193214,103.341062,103.362012,103.336791
17:49.8,103.183361,103.352374,103.320021,103.346519
17:55.0,103.189027,103.305351,103.315645,103.350823
17:59.8,103.19163,103.294196,103.341563,103.346286
18:04.9,103.191399,103.331517,103.324217,103.309791
18:09.8,103.124974,103.328501,103.379727,103.32906
18:14.5,103.171109,103.362247,103.309842,103.348219
18:19.9,103.174997,103.332957,103.337986,103.407691
18:24.1,103.197926,103.333853,103.334523,103.38502
18:29.5,103.173172,103.274557,103.346591,103.327961
18:34.8,103.232938,103.336619,103.362958,103.313884
18:39.8,103.246939,103.345242,103.332248,103.344217
18:45.0,103.195288,103.330649,103.368132,103.324123
18:49.9,103.196304,103.360051,103.321135,103.350612
18:55.0,103.182081,103.316861,103.298561,103.334522
19:00.0,103.265187,103.35947,103.33153,103.35484
19:04.9,103.198301,103.326008,103.322263,103.348839
19:09.9,103.20031,103.325993,103.344388,103.334012
19:14.9,103.177313,103.323446,103.302812,103.349432
19:19.9,103.220266,103.373788,103.292994,103.317958
19:25.0,103.16515,103.325525,103.338433,103.332345
19:29.4,103.189934,103.342273,103.322362,103.333863
19:34.6,103.232867,103.385407,103.323392,103.290143
19:39.9,103.202374,103.30249,103.331747,103.333943
19:44.6,103.191133,103.30264,103.317128,103.343532
19:49.5,103.191526,103.282232,103.268007,103.344488
19:54.9,103.208705,103.330418,103.344637,103.331991
19:59.2,103.209132,103.310822,103.321419,103.339885
20:03.9,103.166134,103.353042,103.411611,103.334665
20:09.5,103.208598,103.336527,103.318827,103.330428
20:14.9,103.170625,103.37255,103.333878,103.248963
20:19.1,103.215947,103.362872,103.345514,103.359687
20:25.0,103.14121,103.35826,103.343089,103.308295
20:29.8,103.199186,103.340156,103.350475,103.363991
20:34.9,103.213256,103.378101,103.342636,103.348581
20:39.9,103.19293,103.313808,103.335551,103.352716
20:45.0,103.213992,103.361154,103.350492,103.302887
20:49.4,103.194312,103.401012,103.326868,103.344379
20:54.9,103.188128,103.338992,103.335967,103.318228
20:59.9,103.187825,103.310667,103.350126,103.324967
21:04.8,103.166646,103.339506,103.297048,103.335696
21:09.6,103.198158,103.327524,103.316345,103.318542
21:14.2,103.236946,103.387369,103.307407,103.337724
21:19.8,103.191976,103.329996,103.35981,103.341203
21:24.2,103.196785,103.340343,103.313069,103.321633
21:29.9,103.209379,103.337023,103.370831,103.395475
21:34.7,103.185489,103.318422,103.349041,103.351859
21:39.8,103.157445,103.287192,103.337514,103.267754
,,,,
21:50.0,103.18031,103.345254,103.270839,103.325405
21:55.0,103.188731,103.314749,103.322391,103.338254
21:59.9,103.188867,103.363633,103.343767,103.340534
22:04.4,103.156755,103.326966,103.330052,103.375013
22:09.7,103.225276,103.382122,103.333408,103.335528
22:14.9,103.175047,103.323723,103.344622,103.351622
22:19.8,103.162662,103.339501,103.322176,103.326366
22:24.4,103.222531,103.299304,103.296074,103.316782
22:29.6,103.203681,103.334479,103.345984,103.306736
22:34.9,103.148084,103.309073,103.305529,103.317409
22:39.7,103.139806,103.301125,103.302186,103.288817
22:45.0,103.169709,103.274584,103.329902,
22:49.7,103.189934,103.344611,103.32874,103.31474
22:54.9,103.175681,103.313688,103.326154,103.372232
22:59.9,103.171744,103.292244,103.333698,103.332258
23:05.0,103.189492,103.341841,103.306079,103.319113
23:09.8,103.154458,103.309866,103.321496,103.332637
23:14.8,103.169771,103.31478,103.333273,103.318702
23:19.7,103.178409,103.290653,103.344401,
23:24.9,103.184437,103.333282,103.320565,103.361834
23:29.1,103.112069,103.326629,103.318256,103.345069
23:34.4,103.180103,103.329183,103.31572,103.341041
23:39.7,103.200331,103.307284,103.31564,103.393386
23:44.2,103.184982,103.403531,103.326594,103.355611
23:49.8,103.26554,103.2914,103.362612,103.291138
23:55.0,103.200691,103.309641,103.320661,103.323961
23:59.4,103.13757,103.327881,103.298924,103.318101
24:05.0,103.18656,103.281692,103.354929,103.346336
24:10.0,103.183242,103.300979,103.334041,103.359938
24:15.0,103.122356,103.333286,103.320727,103.313858
24:19.5,103.142963,103.295043,,103.270303
24:25.0,103.165066,103.349691,103.339989,103.350778
24:29.7,103.202521,103.313247,103.259729,103.311341
24:34.8,103.130169,103.311993,103.298595,103.295271
24:39.8,103.239032,103.290393,103.307728,103.356886
24:44.6,103.153575,103.246855,103.28741,103.276599
24:49.6,103.183876,103.349959,103.319202,103.302214
24:54.7,103.124721,103.260452,103.309691,103.299922
24:59.7,103.155769,103.32221,103.287211,103.321941
25:04.0,103.16748,103.34262,103.308146,103.308028
25:09.8,103.185484,103.343095,103.289276,103.310857
25:14.8,103.187442,103.32545,103.296287,103.39295
25:18.7,103.196054,103.296123,103.267735,103.280212
25:24.9,103.223603,103.299087,103.312217,103.306169
25:29.7,103.174591,103.272135,103.290437,103.317457
25:35.0,103.143785,103.313868,103.296554,103.300687
25:39.6,103.156818,103.27942,103.236806,103.318845
25:44.6,103.181207,103.290818,103.255802,103.354696
25:49.8,103.167219,103.277075,103.328671,103.315811
25:54.8,103.183301,103.305829,103.313471,103.321481
26:00.0,103.1796,103.318833,103.309917,103.295013
26:04.3,103.188842,103.316688,103.289328,103.290861
26:08.8,103.168876,103.313386,103.305492,103.324391
26:15.0,103.189179,103.288153,103.283969,103.319949
26:19.7,103.172564,103.285359,103.270961,103.318855
26:25.0,103.1403,103.308184,103.308055,103.307514
26:28.8,103.165766,103.332612,103.349077,103.308439
26:35.0,103.16599,103.364587,103.308161,103.299856
26:39.3,103.148573,103.341437,103.299913,103.310106
26:44.7,103.167446,103.345129,103.309798,103.307415
26:49.8,103.194965,103.337271,103.275344,103.350756
26:55.0,103.168642,103.302178,103.308094,103.251277
26:59.7,103.166083,103.308748,103.311004,103.346424
27:05.0,103.176382,103.350445,103.310453,103.326923
27:10.0,103.196279,103.303153,103.30548,103.299079
27:13.9,103.216213,103.320503,103.311028,103.357954
27:19.5,103.226627,103.281517,103.348748,103.337125
27:24.6,103.165514,103.172151,103.213376,103.256065
27:30.0,103.218689,103.305704,103.299652,103.316345
27:35.0,103.184689,103.300079,103.381153,103.31392
27:39.8,103.171122,103.301385,103.301747,103.318464
27:44.9,103.185943,103.328941,103.31953,103.32388
27:49.9,103.208444,103.325327,103.313308,103.340035
27:54.9,103.192739,103.253201,103.327538,103.352148
27:59.8,103.190173,103.303916,103.329252,103.274576
,,,,
28:09.9,103.19158,103.342659,103.370351,103.325966
28:13.2,103.168027,103.343935,103.25265,103.227176
28:19.8,103.174733,103.360091,103.298025,103.346017
28:24.8,103.171456,103.344432,103.29777,103.273079
28:29.2,103.175082,103.32684,103.288599,103.331967
28:34.6,103.1423,103.410387,103.301384,103.310112
28:38.2,103.186968,103.334791,103.293089,103.318951
28:44.7,103.190313,103.321823,103.306301,103.314645
28:49.8,103.167892,103.364696,103.321514,103.329713
28:54.6,103.155236,103.296768,103.297312,103.365663
28:59.7,103.19667,103.282419,103.355519,103.35619
29:04.8,103.19042,103.313335,103.298509,103.334144
29:09.5,103.158898,103.292337,103.292939,103.290203
29:14.3,103.198934,103.301407,103.297298,103.355366
29:19.2,103.225893,103.331503,103.312935,103.327136
29:25.0,103.193229,103.327675,103.3239,103.326957
29:29.9,103.134677,103.265839,103.255672,103.31364
29:34.7,103.178686,103.329571,103.325702,103.329899
29:40.0,103.169717,103.361755,103.355839,103.298733
29:44.9,103.176368,103.288792,103.287208,103.248224
29:49.9,103.118246,103.320464,103.309557,103.319794
29:54.2,103.165114,103.288278,103.297118,103.293726
29:59.8,103.158289,103.287797,103.242085,103.309235
30:04.8,103.186111,103.32079,103.337982,103.306078
30:09.2,103.172942,103.294714,103.306624,103.300762
30:14.9,103.134325,103.371708,103.294408,103.313518
30:19.7,103.159433,103.291131,103.299419,103.296536
30:24.6,103.177131,103.313242,103.277831,103.326749
30:30.0,103.199141,103.31998,103.310889,103.316015
30:35.0,103.177363,103.276041,103.295207,103.295407
30:39.5,103.159652,103.316265,103.311628,103.282982
30:44.3,103.193244,103.318064,103.323713,103.328588
30:49.9,103.15068,103.327877,103.302551,103.323351
30:54.9,103.145705,103.328798,103.304674,103.354498
30:59.8,103.186289,103.308502,103.317321,103.333208
31:05.0,103.141354,103.308936,103.35553,103.313097
31:09.8,103.187993,103.306557,103.313849,103.316149
31:14.8,103.180758,103.346257,103.269428,103.359092
31:19.8,103.153487,103.278437,103.320831,103.362101
31:24.9,103.194177,103.304567,103.272679,103.327737
31:29.9,103.147584,103.326399,103.300859,103.236953
31:34.8,103.158339,103.313655,103.307818,103.261906
31:39.9,103.19415,103.295056,103.293702,103.310728
31:44.8,103.174185,103.329277,103.323982,
31:49.9,103.182193,103.313031,103.271414,103.308249
31:54.8,103.194328,103.28715,103.311834,103.313183
31:59.8,103.161239,103.324518,103.277796,103.316118
32:04.1,103.108413,103.324824,103.321345,103.322085
32:09.8,103.196142,103.31847,103.294587,103.333452
32:14.8,103.208856,103.334073,103.282593,103.337769
32:19.9,103.123439,103.293644,103.329356,103.322332
32:23.9,103.182978,103.259156,103.319119,103.326662
32:29.8,103.18198,103.347732,103.295403,103.321551
32:34.5,103.17498,103.29481,103.305379,103.301068
32:39.6,103.198054,103.313601,103.296736,103.330621
32:44.9,103.175631,103.314111,103.313073,103.338014
32:49.3,103.201243,103.34946,103.298637,103.344085
32:55.0,103.179,103.328209,103.332402,103.404739
32:59.9,103.229282,103.310593,103.325192,103.338733
33:04.8,103.211643,103.341374,103.32864,103.324269
33:09.7,103.179592,103.328952,103.315782,103.350909
33:14.8,103.202684,103.349455,103.359236,103.29083
33:19.9,103.226698,103.333048,103.314372,103.297103
33:25.0,103.190165,103.341137,103.338397,103.309434
33:30.0,103.185505,103.336522,103.325222,103.336845
33:34.9,103.157543,103.314074,103.33474,103.333165
33:39.9,103.189029,103.359377,103.333408,103.338441
33:45.0,103.206454,103.335851,103.356082,103.383193
33:49.9,103.200251,103.316903,103.305481,103.332487
33:54.9,103.082796,103.337885,103.330632,103.331763
33:59.9,103.170086,103.353593,103.374407,103.332797
34:04.5,103.1904,103.322164,103.333103,103.324622
34:09.9,103.203682,103.353175,103.318697,103.308726
34:14.4,103.200483,103.344584,103.273208,103.338594
34:19.7,103.220813,103.337085,103.341848,103.282189
34:24.6,103.204052,103.328341,103.306292,103.343373
34:29.8,103.219334,103.301384,103.323851,103.292842
34:34.8,103.2029,103.341531,103.341415,103.344977
34:39.9,103.173895,103.336389,103.268816,103.334165
34:44.4,103.185779,103.347249,103.340549,103.360661
34:49.4,103.173275,103.33139,103.350353,103.315811
34:54.9,103.159938,103.339937,103.323437,103.34814
34:59.8,103.20453,103.336754,103.346471,103.332751
35:02.8,103.21438,103.384843,103.337556,103.3298
35:09.7,103.211848,103.310518,103.348608,103.293898
35:14.7,103.242541,103.322855,103.383454,103.304518
35:19.9,103.186075,103.340758,103.328636,103.352293
35:24.5,103.092759,103.374987,103.385916,103.331082
35:29.9,103.18968,103.303186,103.32959,103.324781
35:34.5,103.278732,103.329956,103.319183,103.355357
35:39.6,103.22453,103.352198,103.326217,103.353715
35:43.8,103.210634,103.346211,103.331916,103.266726
35:49.8,103.228073,103.355314,103.306651,103.34885
35:55.0,103.203034,103.367163,103.421445,103.348568
35:59.9,103.202334,103.346529,103.344984,103.330265
36:04.8,103.175512,103.345776,103.354576,103.327965
36:08.5,103.194578,103.363359,103.307123,103.350938
36:14.4,103.207004,103.347502,103.32729,103.313352
36:20.0,103.243184,103.364026,103.337916,103.332165
36:24.4,103.220789,103.327713,103.347118,103.33036
36:29.1,103.255749,103.369795,103.345135,103.328698
36:34.1,103.20986,103.388284,103.300165,103.350789
36:39.9,103.197078,103.339377,103.353126,103.349929
36:44.9,103.175814,103.317527,103.370305,103.349867
36:49.6,103.228749,103.294617,103.367365,103.355684
36:54.1,103.207102,103.368785,103.375697,103.343981
36:59.4,103.235485,103.293229,103.324457,103.295151
37:04.6,103.197466,103.301144,103.336562,103.341624
37:09.5,103.239434,103.369305,103.33903,103.281607
37:13.2,103.221581,103.317401,103.397438,103.339076
37:19.2,103.230253,103.347432,103.280656,103.342265
37:24.1,103.207672,103.29371,103.350343,103.321264
37:29.2,103.204458,103.377333,103.332972,103.389474
37:34.7,103.165175,103.347981,103.34654,103.336516
37:39.9,103.2036,103.345325,103.365294,103.35116
37:44.2,103.220059,103.338218,103.365998,103.362148
37:49.9,103.177177,103.361841,103.33686,103.383212
37:54.9,103.20707,103.265108,103.324527,103.381419
37:59.7,103.21329,103.342996,103.334167,103.363805
38:04.8,103.227027,103.369772,103.339936,103.341821
38:09.5,103.212528,103.333285,103.366923,103.389812
38:14.9,103.245317,103.300065,103.402224,103.387443
38:19.6,103.160637,103.29093,103.347099,103.34756
38:23.8,103.227222,103.369121,103.331756,103.375062
38:30.0,103.210427,103.361646,103.325364,103.350029
38:34.9,103.20257,103.389499,103.434144,103.340559
38:39.8,103.246412,103.343139,103.360131,103.345088
38:44.4,103.282634,103.328211,103.365711,103.345748
38:49.9,103.24525,103.363535,103.380162,103.353426
38:54.9,103.220198,103.3451,103.346424,103.352162
38:59.9,103.208235,103.375969,103.365017,103.436873
39:04.8,103.222154,103.355319,103.34413,103.333505
39:10.0,103.216752,103.349208,103.385475,103.40189
39:15.0,103.176607,103.351142,103.35103,103.37233
39:19.8,103.159765,103.367188,103.420884,103.368817
39:25.0,103.285949,103.344859,103.367785,103.413864
39:29.9,103.213803,103.367144,103.391585,103.413789
39:34.8,103.221472,103.362342,103.362473,103.373807
39:40.0,103.255637,103.356942,103.365282,103.378193
39:44.9,103.231601,103.379757,103.35091,103.37328
39:49.7,103.303081,103.346134,103.331647,103.389791
39:54.6,103.239233,103.374037,103.345015,103.436269
39:59.8,103.237865,103.30287,103.35338,103.392754
40:04.9,103.192527,103.357362,103.385502,103.383473
40:10.0,103.219695,103.33577,103.327481,103.328771
40:14.8,103.220845,103.341621,103.428593,103.328057
40:19.5,103.222945,103.375179,103.376062,103.323981
40:22.8,103.221788,103.371419,103.34633,103.330322
40:29.9,103.221402,103.357068,103.350094,103.364752
40:34.5,103.161317,103.372715,103.336692,103.36253
40:40.0,103.139587,103.368106,103.402838,103.313122
40:44.9,103.195626,103.367664,103.353822,103.357207
40:49.7,103.227115,103.331937,103.33923,103.349952
40:54.6,103.24455,103.35403,103.35722,103.360581
40:59.2,103.160787,103.359918,103.339791,103.339522
41:04.9,103.224487,103.382642,103.385853,103.361771
41:08.7,103.194659,103.3513,103.354887,103.345798
41:15.0,103.190723,103.345166,103.385723,103.37556
41:19.1,103.212756,103.370734,103.334594,103.336093
41:24.7,103.199259,103.379663,103.339422,103.404158
41:29.3,103.261304,103.3389,103.348785,103.348118
41:34.4,103.163336,103.354368,103.342837,103.339815
41:39.7,103.162573,103.360146,103.282032,103.333918
41:44.2,103.211287,103.383426,103.365655,103.363067
41:49.8,103.263401,103.354921,103.395235,103.349003
41:54.0,103.21254,103.377482,103.355403,103.381929
41:59.6,103.230837,103.34497,103.323021,103.379532
42:04.7,103.205595,103.369082,103.410676,103.311233
42:09.8,103.134939,103.38014,103.395778,103.375878
42:14.5,103.221122,103.358733,103.383453,103.43844
42:19.1,103.2247,103.304319,103.356494,103.369459
42:23.2,103.217678,103.318759,103.342727,103.350556
42:29.4,103.226954,103.334025,103.384819,103.351764
42:35.0,103.20103,103.337441,103.349472,103.326829
42:40.0,103.221974,103.388716,103.354247,103.370081
42:44.9,103.272209,103.374682,103.349507,103.390576
42:49.3,103.238178,103.24897,103.38372,103.36094
42:53.5,103.226991,103.29122,103.378723,103.354884
42:59.9,103.21204,103.344157,103.371804,103.355211
43:04.3,103.205616,103.34679,103.292076,103.368878
43:09.7,103.232154,103.349179,103.349681,103.355752
43:14.3,103.23508,103.351011,103.344017,103.290192
43:20.0,103.20138,103.329213,103.357442,103.372296
43:24.7,103.232251,103.352863,103.374202,103.401262
43:28.0,103.208759,103.34902,103.355356,103.376174
43:34.7,103.221617,103.373152,103.34984,103.3871
43:39.2,103.222757,103.36588,103.34879,103.34384
43:44.6,103.216773,103.364254,103.337407,103.387345
43:49.7,103.185736,103.372094,103.368011,103.430106
43:54.9,103.227419,103.39186,103.312046,103.387433
43:59.5,103.197687,103.339162,103.342237,103.34102
44:05.0,103.206133,103.357123,103.331284,103.365086
44:09.8,103.154368,103.327626,103.341394,103.354062
44:14.0,103.211692,103.349794,103.339464,103.313881
44:19.7,103.218927,103.3209,103.380978,103.282125
44:25.0,103.205133,103.318533,103.335964,103.316554
44:29.9,103.197845,103.327867,103.457395,103.257369
44:34.9,103.185672,103.322666,103.32839,103.355535
44:39.0,103.218537,103.365402,103.327025,103.370247
44:44.3,103.181782,103.343444,103.317949,103.395543
44:49.3,103.244369,103.295927,103.316105,103.346774
44:54.2,103.149148,103.345334,103.331872,103.366795
44:58.8,103.210262,103.299602,103.344577,103.350753
45:04.2,103.216219,103.332366,103.34488,103.381068
45:09.8,103.217884,103.346957,103.358626,103.34258
45:14.4,103.19256,103.36099,103.362805,
45:19.5,103.213329,103.354696,103.370797,103.359868
45:24.6,103.206915,103.361861,103.336259,103.360307
45:29.1,103.221488,103.343806,103.348963,103.348695
45:35.0,103.257562,103.313848,103.342974,103.33951
45:39.6,103.199204,103.387612,103.376971,103.326498
45:41.4,103.22521,103.355181,103.331233,103.360975
45:47.9,103.203955,103.355113,103.345102,103.416009
45:54.9,103.206761,103.382797,103.349691,103.300262
45:59.1,103.184201,103.333261,103.3385,103.441467
46:04.8,103.239443,103.275434,103.349397,103.380564
46:09.2,103.123593,103.353952,103.330737,103.404851
46:15.0,103.237675,103.337781,103.306914,103.35824
46:18.7,103.187525,103.29799,103.345517,103.300148
46:24.8,103.188321,103.343037,103.316233,
46:29.9,103.17066,103.364206,103.34492,103.35513
46:34.4,103.211698,103.35352,103.337858,103.345841
46:39.0,103.200923,103.392669,103.313915,103.369581
46:43.1,103.205819,103.342733,103.330953,103.339488
46:49.7,103.192155,103.347132,103.30554,103.291456
46:54.3,103.186573,103.34471,103.333184,103.291811
46:58.3,103.205284,103.332691,103.39936,103.324407
47:04.9,103.195638,103.365525,103.352249,103.353166
47:09.7,103.272421,103.333482,103.336473,103.366455
47:14.6,103.202689,103.330161,103.301107,103.326927
47:19.5,103.230761,103.317493,103.422283,103.425058
47:25.0,103.222224,103.3166,103.337726,103.362449
47:29.6,103.201837,103.393654,103.354224,103.320535
47:34.6,103.168137,103.379213,103.36089,103.334294
47:39.4,103.201103,103.323624,103.333946,103.337213
47:45.0,103.242577,103.317825,103.256797,103.342886
47:49.6,103.24142,103.325239,103.28359,103.352159
47:55.0,103.20961,103.326373,103.332653,103.313666
47:59.7,103.181485,103.364928,103.347998,103.34725
48:04.8,103.240423,103.342131,103.290866,103.348881
48:09.7,103.178705,103.345038,103.355656,103.343859
48:14.8,103.214049,103.347011,103.323365,103.339072
48:19.9,103.202358,103.364591,103.326668,103.327478
48:24.7,103.20687,103.340458,103.328003,103.331276
48:29.1,103.21579,103.402273,103.324533,103.327851
48:33.6,103.217314,103.353452,103.343997,103.323496
48:40.0,103.195793,103.334215,103.327472,103.370553
48:44.9,103.181511,103.359292,103.357257,103.34043
48:49.7,103.230725,103.362293,103.390623,103.346649
48:54.8,103.205856,103.320893,103.326272,103.330521
48:59.9,103.203684,103.34424,103.400207,103.333397
49:04.6,103.214998,103.360699,103.36193,103.354183
49:08.3,103.221184,103.380021,103.354241,103.355853
49:14.8,103.225681,103.350914,103.340027,103.345135
49:19.9,103.197888,103.338807,103.352212,103.346391
49:24.2,103.208325,103.308412,103.339721,103.350952
49:29.7,103.202322,103.304912,103.330121,103.330367
49:34.2,103.255817,103.340949,103.343935,103.345041
49:39.3,103.22336,103.336567,103.339207,103.351603
49:44.3,103.223571,103.29381,103.350598,103.337663
49:49.3,103.192674,103.39484,103.358312,103.351461
49:54.2,103.180009,103.350062,103.323279,103.345813
49:59.4,103.206087,103.394374,103.294802,103.329089
50:04.6,103.21181,103.358918,103.33282,103.336573
50:09.5,103.144568,103.34105,103.338356,103.33688
50:14.8,103.162765,103.357595,103.357438,103.334526
50:19.5,103.244279,103.378882,103.347464,103.31447
50:24.9,103.204414,103.351567,103.336942,103.358603
50:28.7,103.198325,103.348581,103.352071,103.350251
50:33.9,103.20283,103.301156,103.324973,103.334045
50:39.9,103.213645,103.336344,103.396858,103.301211
50:44.0,103.194208,103.354571,103.360015,103.289068
50:49.8,103.184745,103.346966,103.364805,103.389262
50:54.7,103.19457,103.357232,103.385567,103.341148
50:59.5,103.209635,103.37304,103.34327,103.337563
51:04.7,103.294118,103.353469,103.424971,103.349293
51:09.7,103.192312,103.334184,103.351314,103.352886
51:14.5,103.206764,103.311699,103.349997,103.35958
51:19.3,103.21177,103.413121,103.350875,103.328832
51:24.5,103.218405,103.346078,103.393923,103.365033
51:29.3,103.221513,103.321187,103.327463,103.335025
51:34.4,103.221321,103.351904,103.346538,103.357874
51:39.6,103.18545,103.350103,103.346399,103.321167
51:43.3,103.206461,103.35595,103.310767,103.347049
51:49.3,103.180882,103.34412,103.345802,103.35808
51:54.8,103.223029,103.332312,103.346344,103.33361
51:58.2,103.257552,103.286989,103.331982,103.386693
52:04.2,103.080534,103.332028,103.340915,103.35919
52:09.2,103.187943,103.335191,103.369369,103.345169
52:14.9,103.212723,103.332056,103.34669,103.310186
52:19.5,103.212926,103.345757,103.313338,103.362794
52:24.8,103.204163,103.333142,103.317577,103.347535
52:29.9,103.230236,103.369529,103.316939,103.348393
52:33.2,103.181759,103.26946,103.328942,103.398622
52:39.6,103.218198,103.326355,103.32391,103.348991
52:44.8,103.199684,103.254742,103.305412,103.336148
52:50.0,103.19046,103.386223,103.290885,103.332726
52:54.3,103.192911,103.334288,103.323142,103.312919
52:58.9,103.229524,103.331997,103.330971,103.350593
53:05.0,103.176629,103.339139,103.338506,103.326261
53:09.3,103.204821,103.382018,103.331413,103.336988
53:14.5,103.177793,103.383588,103.326731,103.313902
53:19.2,103.175712,103.331491,103.364572,103.352973
,,,,
53:28.9,103.217866,103.370586,103.332714,103.35642
53:34.7,103.221961,103.343099,103.31727,103.330079
53:38.9,103.206067,103.385241,103.345514,103.329379
53:44.9,103.217745,103.285071,103.369894,103.274128
53:49.3,103.194055,103.290282,103.344021,103.36527
53:53.4,103.19683,103.332099,103.354724,103.307435
53:59.4,103.17055,103.331879,103.382181,103.367825
54:04.8,103.204358,103.384869,103.359827,103.361236
54:09.8,103.21455,103.334807,103.305318,103.347587
54:14.8,103.211244,103.311341,103.318206,103.341042
54:19.9,103.192636,103.336538,103.344888,103.327756
54:24.9,103.184265,103.354126,103.377122,103.34602
54:29.9,103.240014,103.339536,103.351298,103.330018
54:34.9,103.243069,103.310081,103.28015,103.379805
54:39.5,103.232941,103.347188,103.351721,103.329275
54:43.1,103.166804,103.321788,103.343486,103.34115
54:49.9,103.209136,103.343332,103.324099,103.310418
54:53.4,103.212789,103.34388,103.3605,103.463163
54:59.6,103.220067,103.354785,103.321794,103.364382
55:04.9,103.213762,103.323342,103.358505,103.344158
55:09.8,103.195087,103.304475,103.307415,103.379273
55:15.0,103.198105,103.342032,103.35717,103.342069
55:20.0,103.200971,103.352607,103.359491,103.349835
55:24.2,103.154938,103.337004,103.316985,103.360755
55:29.4,103.20586,103.380891,103.353405,103.348034
55:34.5,103.218492,103.366723,103.342042,103.388147
55:39.4,103.188743,103.353792,103.33868,103.349681
55:44.8,103.226803,103.344926,103.368072,103.357347
55:49.5,103.186232,103.359205,103.358702,103.41385
55:54.0,103.190505,103.333988,103.346399,103.369061
55:59.1,103.190966,103.349248,103.335469,103.341041
56:04.9,103.196427,103.351565,103.388418,103.332504
56:08.5,103.213061,103.354627,103.337127,103.374907
56:14.9,103.142708,103.319258,103.339361,103.420337
56:19.8,103.237124,103.375237,103.338504,103.408652
56:24.8,103.20653,103.328752,103.30133,103.349115
56:29.9,103.24268,103.320471,103.345425,103.370572
56:34.9,103.220669,103.348827,103.358942,103.3641
56:39.9,103.223976,103.337172,103.351802,103.376564
56:44.9,103.206754,103.3569,103.33474,103.355195
56:49.9,103.227209,103.363471,103.384441,103.371857
56:54.2,103.249539,103.347278,103.376547,103.328675
56:58.9,103.25359,103.364493,103.367744,103.318328
57:04.7,103.211602,103.354709,103.373433,103.327434
57:09.5,103.233292,103.36129,103.365827,103.372109
57:12.5,103.258189,103.389579,103.273082,103.38125
57:19.9,103.189519,103.355203,103.352172,103.354841
57:24.2,103.222152,103.374918,103.365129,103.347423
57:29.7,103.213825,103.344193,103.336565,103.334011
57:33.6,103.207139,103.379543,103.369775,103.331031
57:39.5,103.227186,103.39192,103.352803,103.318868
57:44.9,103.153156,103.307739,103.356228,103.335258
57:49.8,103.207463,103.321281,103.356665,103.31069
57:54.6,103.180807,103.413746,103.303971,103.342231
58:00.0,103.203828,103.362835,103.35899,103.371347
58:04.8,103.206764,103.354834,103.385318,103.364399
58:09.9,103.219868,103.323853,103.335889,103.358038
58:14.2,103.221957,103.357405,103.349652,103.373193
58:19.8,103.228144,103.353802,103.397757,103.363001
58:24.6,103.214462,103.370536,103.358019,103.318961
58:29.4,103.211075,103.381096,103.324653,103.363942
58:34.7,103.216699,103.338554,103.38765,103.379219
58:39.7,103.256683,103.336595,103.36605,103.402589
58:44.7,103.213568,103.407993,103.32962,103.340185
58:49.6,103.274334,103.350575,103.349613,103.309451
58:54.7,103.219707,103.362408,103.373206,103.3492
58:59.9,103.216349,103.400794,103.366572,103.363687
59:02.9,103.225771,103.347898,103.341354,103.34423
59:09.0,103.22911,,103.352426,103.389343
59:14.8,103.156044,103.400106,103.389178,103.371604
59:19.3,103.286195,103.335814,103.354255,103.363048
59:24.9,103.220654,103.349626,103.348024,103.354854
59:29.5,103.216846,103.364169,103.36645,103.409107
59:34.8,103.211547,103.346435,103.370934,103.377655
59:38.4,103.170518,103.353751,103.377314,103.396248
59:44.7,103.22317,103.397776,103.361941,103.364017
59:50.0,103.232382,103.399862,103.355098,103.363159
59:54.9,103.217302,103.348437,103.356307,103.366458
59:59.8,103.248903,103.381301,103.399667,103.426853
00:05.0,103.21712,103.345259,103.347897,103.332556
00:10.0,103.219924,103.36658,103.357591,103.389115
00:14.1,103.292149,103.389516,103.351842,103.309705
00:19.8,103.220778,103.354692,103.358611,103.36958
00:24.9,103.203189,103.34099,103.383414,103.397431
00:29.7,103.229025,103.348793,103.366614,103.367752
00:34.7,103.224594,103.336403,103.362778,103.368969
00:40.0,103.295309,103.379899,103.345834,103.40363
00:44.9,103.224034,103.330659,103.418163,103.375114
00:49.5,103.175863,103.377453,103.35352,103.397323
00:54.9,103.216078,103.360852,103.393695,103.333312
00:59.9,103.230669,103.367098,103.372039,103.341564
01:04.6,103.275015,103.391125,103.427842,103.351774
01:08.9,103.204567,103.357103,103.374967,103.390566
01:14.9,103.189501,103.37355,103.363025,103.371636
01:19.5,103.206943,103.358467,103.369474,103.394151
01:24.6,103.154731,103.395841,103.363951,103.371697
01:29.9,103.237996,103.33963,103.376471,103.37416
01:34.6,103.213916,103.328594,103.386293,103.380361
01:39.5,103.235898,103.339973,103.378127,103.384439
01:44.9,103.251768,103.427065,103.365835,103.374381
01:48.9,103.221452,103.370404,103.381204,103.378478
01:54.5,103.233536,103.405117,103.341151,103.359585
02:00.0,103.223493,103.386816,103.372309,103.36807
02:04.6,103.203746,103.375877,103.370039,103.405474
02:09.4,103.196196,103.372994,103.376159,103.43852
02:14.7,103.25514,103.394574,103.363828,103.347577
02:19.2,103.242738,103.398027,103.380324,103.420112
02:24.9,103.311805,103.373583,103.372526,103.356566
02:28.8,103.230961,103.368709,103.38726,103.362793
02:34.9,103.233515,103.402165,103.374991,103.321239
02:40.0,103.22537,103.363906,103.333808,103.355351
02:44.8,103.226769,103.44216,103.395517,103.374647
02:49.9,103.219026,103.255093,103.341802,103.33136
02:53.6,103.335914,103.391842,103.346277,103.35132
02:59.8,103.231496,103.361581,103.383905,103.365209
03:04.2,103.228067,103.357502,103.37072,103.423737
03:09.2,103.236849,103.406706,103.355549,103.413644
03:14.7,103.230565,103.40296,103.367906,103.409025
03:19.3,103.235571,103.388744,103.369189,103.371744
03:24.5,103.24915,103.370729,103.403355,103.382215
03:28.8,103.229142,103.367213,103.377077,103.405929
03:34.6,103.247796,103.364252,103.362546,103.265088
03:39.8,103.25322,103.366307,103.348273,103.346662
03:45.0,103.212489,103.418154,103.375087,103.370792
03:49.9,103.212819,103.365764,103.30621,103.31203
03:54.9,103.237153,103.391987,103.347735,103.368657
03:58.4,103.230126,103.37076,103.335056,103.313319
04:04.8,103.219694,103.407662,103.341399,103.373823
04:09.5,103.221422,103.370359,103.370758,103.375109
04:14.5,103.21358,103.391775,103.377334,103.376739
04:19.8,103.254718,103.378052,103.371252,103.374016
04:24.9,103.230305,103.35007,103.346943,103.365757
04:29.7,103.24716,103.35753,103.381747,103.362563
04:34.1,103.239616,103.375045,103.361552,103.365079
04:39.9,103.228261,103.410051,103.359233,103.392237
04:44.8,103.238236,103.372822,103.404196,103.372254
04:50.0,103.202607,103.359073,103.394574,103.361492
04:54.8,103.30308,103.368963,103.384284,103.385314
04:59.7,103.219315,103.362027,103.296146,103.387327
05:04.9,103.208076,103.323675,103.3356,103.387261
05:10.0,103.216117,103.328501,103.355796,103.430437
05:14.2,103.245903,103.3459,103.368747,103.35413
05:19.8,103.235873,103.357374,103.386584,103.381616
05:24.7,103.193403,103.377751,103.347424,103.393269
05:29.9,103.213346,103.360052,103.364964,103.340635
05:34.8,103.188836,103.395228,103.350589,103.347003
05:39.2,103.265061,103.393959,103.394873,103.378462
05:43.8,103.218953,103.368434,103.455283,103.346621
05:49.8,103.254791,103.385057,103.415503,103.383637
05:53.4,103.227469,103.383816,103.369725,103.378314
06:00.0,103.236998,103.368232,103.410375,103.345945
06:04.8,103.234445,103.370108,103.389086,103.380542
06:10.0,103.250707,103.33489,103.369502,103.290654
06:14.8,103.256118,103.378266,103.37471,103.437827
06:19.6,103.225238,103.382427,103.370777,103.382162
06:24.8,103.233613,103.304874,103.363933,103.394091
06:29.3,103.229568,103.356388,103.36683,103.383873
06:34.9,103.229914,103.344049,103.448672,103.364047
06:39.8,103.211917,103.389605,103.354378,103.38105
06:44.9,103.260293,103.360349,103.390961,103.381637
06:49.3,103.318911,103.347506,103.376614,103.389998
06:55.0,103.221484,103.387006,103.395026,103.390539
07:00.0,103.259521,103.376079,103.399649,103.364443
07:04.8,103.233708,103.366347,103.367053,103.397016
07:09.2,103.234434,103.289361,103.365627,103.338727
07:15.0,103.229394,103.382676,103.395654,103.395034
07:19.5,103.226429,103.332708,103.391432,103.374552
07:24.7,103.196409,103.384392,103.364831,103.364612
07:28.2,103.16881,103.37163,103.349899,103.371311
07:34.7,103.242882,103.343155,103.365865,103.320907
07:39.5,103.218009,103.366388,103.378963,103.344462
07:44.7,103.236855,103.375388,103.388086,103.388109
07:49.4,103.23208,103.370813,103.354422,103.368391
07:53.6,103.231904,103.364196,103.373397,103.373909
07:59.7,103.263801,103.399544,103.383612,103.421279
08:03.7,103.328026,103.389544,103.347406,103.375868
08:09.5,103.226856,103.362007,103.356822,103.371302
08:15.0,103.211401,103.357706,103.359953,103.363482
08:19.8,103.216422,103.332525,103.360172,103.363829
08:24.8,103.183124,103.369478,103.38662,103.368859
08:29.8,103.229121,103.364771,103.361663,103.376844
08:34.9,103.189658,103.373682,103.369167,103.41115
08:39.9,103.238158,103.386081,103.334119,103.368997
08:44.7,103.133831,103.368316,103.354122,103.395605
08:49.9,103.157775,103.453008,103.264137,103.411013
08:55.0,103.250175,103.353089,103.376925,103.38584
08:59.6,103.224802,103.361684,103.377341,103.374264
09:05.0,103.229674,103.366432,103.374775,103.361777
09:09.4,103.278282,103.382929,103.419586,103.444474
09:14.3,103.231057,103.464431,103.338182,103.328033
09:18.8,103.164892,103.35377,103.323782,103.368263
09:25.0,103.235932,103.373937,103.323461,103.375403
09:28.6,103.238821,103.306462,103.362407,103.354284
09:34.6,103.198906,103.365997,103.435857,103.374937
09:39.4,103.240882,103.318564,103.352237,103.363827
09:44.4,103.211384,103.351402,103.34125,103.371234
09:50.0,103.229065,103.361566,103.377008,103.416371
09:53.9,103.223764,103.321223,103.38221,103.369152
09:59.1,103.218384,103.33515,103.347514,103.363168
10:04.2,103.23433,103.3809,103.341269,103.30814
10:09.5,103.181081,103.390142,103.352194,103.348703
10:14.9,103.25059,103.34543,103.394109,103.380618
10:19.9,103.193088,103.404924,103.379498,103.43989
10:24.7,103.203029,103.400764,103.430519,103.375662
10:29.3,103.251179,103.38482,103.348589,103.357963
10:34.5,103.263947,103.427554,103.35786,103.368617
10:38.6,103.226219,103.342885,103.337534,103.408309
10:44.2,103.242987,103.375249,103.357512,103.419028
10:48.9,103.235635,103.399708,103.287555,103.363553
10:54.4,103.281649,103.373388,103.354952,103.316213
10:59.9,103.254961,103.429367,103.372553,103.349151
11:03.7,103.195877,103.361892,103.33619,103.39519
11:09.4,103.221471,103.395894,103.349289,103.388088
11:14.9,103.235461,103.37837,103.397337,103.378537
11:19.1,103.269554,103.345891,103.384234,103.366404
11:25.0,103.219757,103.375843,103.356855,103.372375
11:29.8,103.205675,103.37726,103.359952,103.390653
11:34.7,103.245723,103.370305,103.400733,103.369144
11:38.6,103.207699,103.384675,103.330988,103.336499
11:44.4,103.220547,103.323027,103.398574,103.358708
11:49.8,103.22963,103.326145,103.400553,103.410878
11:54.5,103.20307,103.404107,103.370507,103.305613
11:59.6,103.22398,103.372445,103.365404,103.367522
12:04.4,103.204547,103.393318,103.369014,103.45031
12:09.4,103.231535,103.26671,103.375195,103.347614
12:14.5,103.228796,103.287967,103.384518,103.403685
12:18.4,103.223624,103.374425,103.36726,103.387359
12:24.3,103.231737,103.36767,103.26654,103.40443
12:29.9,103.189757,103.359103,103.373772,103.405714
12:35.0,103.210174,103.362009,103.380053,103.366189
12:39.8,103.211757,103.353595,103.377633,103.338104
12:43.4,103.213171,103.36436,103.362715,103.344711
12:49.9,103.125687,103.316736,103.37681,103.391202
12:54.5,103.243549,103.404841,103.351992,103.36538
12:59.5,103.231206,103.404919,103.314356,103.347276
13:05.0,103.207136,103.379647,103.382109,103.36044
13:07.4,103.238525,103.338704,103.346332,103.409335
13:14.3,103.20413,103.356597,103.363903,103.368579
13:18.9,103.183302,103.372127,103.360818,103.360358
13:24.9,103.228693,103.371233,103.347467,103.401842
13:29.9,103.243358,103.363398,103.297407,103.382384
13:34.0,103.238964,103.386694,103.357086,103.379238
13:39.9,103.230446,103.407543,103.368737,103.355329
13:44.7,103.234846,103.382967,103.297446,103.365197
,,,,
13:54.2,103.20717,103.369766,103.278079,103.386768
13:59.7,103.210526,103.368269,103.378615,103.350683
14:04.2,103.257662,103.389119,103.440187,103.358291
14:09.7,103.250365,103.361809,103.343215,103.347269
14:14.6,103.211261,103.358427,103.358721,103.363058
14:19.7,103.218433,103.355402,103.351508,103.3725
14:24.6,103.125197,103.337327,103.372811,103.372093
14:29.7,103.192965,103.355244,103.33972,103.363143
14:35.0,103.241021,103.351308,103.353213,103.388535
14:39.8,103.209959,103.373056,103.34217,103.373724
14:44.7,103.220699,103.380924,103.347945,103.376098
14:49.6,103.240982,103.367268,103.36247,103.343965
14:53.2,103.200642,103.330745,103.37142,103.360208
14:59.2,103.206713,103.327748,103.338771,103.387967
15:04.4,103.271272,103.335251,103.345848,103.359003
15:08.2,103.201733,103.364086,103.358794,103.367507
15:12.8,103.197165,103.323944,103.321765,103.368033
15:18.9,103.243112,103.323114,103.377646,103.333501
15:24.9,103.150809,103.341598,103.355117,103.332504
15:29.6,103.241439,103.33706,103.357342,103.356082
15:34.9,103.206228,103.363376,103.377164,103.365521
15:40.0,103.23558,103.371678,103.321025,103.34735
15:44.8,103.196404,103.325178,103.351755,103.373039
15:49.6,103.242012,103.336885,103.376655,103.354737
15:54.7,103.186787,103.397593,103.389442,103.36943
15:58.8,103.235471,103.362017,103.34114,103.350827
16:05.0,103.240713,103.350557,103.352481,103.332294
16:09.5,103.281937,103.292975,103.35063,103.460878
16:14.7,103.225064,103.3492,103.412434,103.344471
16:19.9,103.177738,103.338959,103.352415,103.350794
16:24.6,103.089959,103.382408,103.381632,103.447233
16:29.6,103.20241,103.356717,103.407391,103.36895
16:34.5,103.263148,103.379713,103.33745,103.35149
16:38.1,103.249298,103.351051,103.476223,103.370694
16:42.1,103.279647,103.291075,103.428291,103.396718
16:49.1,103.228182,103.38373,103.357942,103.391093
16:54.4,103.188689,103.365289,103.394977,103.33409
16:59.9,103.232626,103.30216,103.353983,103.379654
17:04.7,103.203969,103.351749,103.358339,103.380864
17:08.9,103.23396,103.341962,103.321963,103.361561
17:14.8,103.255192,103.35017,103.312092,103.407297
17:19.0,103.227026,103.34296,103.36663,103.391669
17:24.4,103.200891,103.344576,103.355911,103.374617
17:29.5,103.227064,103.372213,103.355861,103.326899
17:34.3,103.245777,103.335177,103.361278,103.396924
17:39.3,103.196177,103.34695,103.370317,103.364452
17:44.3,103.231865,103.350973,103.347631,103.398916
17:49.8,103.217724,103.340895,103.359667,103.409363
17:54.2,103.205147,103.358014,103.289979,103.36321
17:59.9,103.237574,103.486833,103.377849,103.365878
18:04.5,103.225615,103.368521,103.323237,103.390177
18:09.7,103.240793,103.38584,103.371052,103.382953
18:13.7,103.226841,103.364808,103.346692,103.362075
18:19.5,103.224234,103.378997,103.378356,103.382741
18:24.8,103.22357,103.361095,103.342229,103.336951
18:29.0,103.188,103.489819,103.376086,103.367525
18:33.8,103.225124,103.363241,103.339088,103.375974
18:39.9,103.220237,103.39043,103.376858,103.378923
18:45.0,103.229863,103.360081,103.418029,103.419667
18:49.7,103.222055,103.306129,103.36833,103.405742
18:54.5,103.22744,103.375487,103.353368,103.301813
18:59.4,103.235925,103.385216,103.36958,103.380342
19:05.0,103.233363,103.412836,103.347623,103.387214
19:09.3,103.240605,103.363022,103.357915,103.349628
19:15.0,103.160398,103.393987,103.358847,103.381425
19:19.9,103.219025,103.363009,103.335301,103.370626
19:24.2,103.203965,103.341771,103.350879,103.3559
19:29.6,103.184098,103.299428,103.349272,103.35335
19:33.0,103.181768,103.359529,103.349139,103.342533
19:38.9,103.222146,103.344939,103.362055,103.358066
19:44.8,103.22479,103.336454,103.363876,103.352584
19:49.4,103.214268,103.35958,103.306854,103.363818
19:54.7,103.195176,103.28635,103.354779,103.398484
19:59.5,103.265863,103.377283,103.381892,103.382209
20:05.0,103.318048,103.344402,103.351282,103.372013
20:10.0,103.215365,103.34592,103.34716,103.372455
20:14.9,103.231448,103.384904,103.366693,103.361598
20:19.4,103.191201,103.341957,103.345379,103.344418
20:21.3,103.249561,103.360308,103.365323,103.36954
20:29.6,103.211642,103.43186,103.34343,103.349565
20:34.9,103.187462,103.371489,103.313217,103.371862
20:39.4,103.221356,103.3629,103.397018,103.419174
20:44.6,103.190552,103.362662,103.348908,103.373579
20:48.8,103.206205,103.373243,103.353585,103.341469
20:53.8,103.233953,103.366991,103.379213,103.369467
20:59.7,103.204724,103.341697,103.360439,103.346816
21:04.7,103.238311,103.386031,103.40575,103.359209
21:09.4,103.137493,103.361005,103.371881,103.390858
21:14.6,103.246797,103.382545,103.37939,103.361295
21:19.6,103.172948,103.332281,103.416596,103.38014
21:24.2,103.213083,103.315918,103.361226,103.36457
21:28.2,103.22153,103.365962,103.351314,103.372557
21:34.1,103.259777,103.35482,103.383853,103.346681
21:39.9,103.209865,103.340961,103.3774,103.378822
21:44.9,103.259438,103.386815,103.364988,103.349579
21:50.0,103.255,103.382942,103.362241,103.349867
21:54.9,103.241734,103.363175,103.324438,103.430669
21:59.8,103.254428,103.362689,103.36444,103.399661
22:05.0,103.221833,103.374874,103.369935,103.372507
22:09.8,103.195106,103.394463,103.373907,103.377617
22:15.0,103.200039,103.365748,103.354089,103.36293
22:20.0,103.24573,103.386344,103.361806,103.384921
22:24.9,103.205221,103.362505,103.360716,103.357345
22:29.5,103.237973,103.384567,103.369617,103.347564
22:34.3,103.218653,103.36434,103.35478,103.381527
22:39.7,103.228268,103.357884,103.370256,103.416752
22:43.5,103.20867,103.430769,103.320493,103.348734
22:50.0,103.231545,103.357009,,103.377798
22:54.2,103.231487,103.394014,103.350719,103.34909
22:59.0,103.213904,103.334198,103.357494,103.372471
23:04.3,103.177634,103.356621,103.327118,103.361008
23:08.6,103.248558,103.334176,103.343398,103.382877
23:15.0,103.271576,103.348386,103.332655,103.41236
23:19.9,103.271709,103.362565,103.37604,103.390347
23:23.3,103.180324,103.350739,103.361799,103.374048
23:30.0,103.23703,103.361504,103.394929,103.373232
23:34.1,103.224574,103.366441,103.300268,103.377437
23:39.2,103.226821,103.336811,103.399144,103.409289
23:43.8,103.209531,103.352554,103.389275,103.366368
23:48.5,103.28782,103.342259,103.367202,103.364914
23:55.0,103.229248,103.392747,103.368848,103.416212
23:59.9,103.246007,103.381656,103.371793,103.404324
24:04.5,103.246985,103.353033,103.338253,103.368617
24:09.9,103.231227,103.381905,103.380161,103.355185
24:14.9,103.19096,103.300648,103.372187,103.360355
24:19.5,103.212722,103.352089,103.37276,103.383631
24:24.6,103.215776,103.382294,103.38419,103.383913
24:28.5,103.225652,103.372224,103.370591,103.305791
24:34.5,103.23598,103.376852,103.377917,103.392113
24:39.8,103.2383,103.371807,103.373973,103.388677
24:44.5,103.297226,103.382744,103.373314,103.378345
24:49.5,103.234472,103.390661,103.36051,103.394778
24:53.8,103.250196,103.404871,103.378541,103.432268
24:59.2,103.245001,103.380531,103.43883,103.395697
25:03.6,103.206718,103.371235,103.273377,103.384933
25:09.4,103.232933,103.343832,103.367609,103.379127
25:14.9,103.23706,103.369744,103.427614,103.351284
25:19.5,103.238063,103.424423,103.406178,103.375144
25:24.0,103.226847,103.375305,103.390183,103.391224
25:29.4,103.221528,103.354035,103.411214,103.377048
25:34.9,103.241929,103.378856,103.350807,103.38506
25:39.7,103.220002,103.359972,103.424575,103.397883
25:44.6,103.21418,103.34942,103.387067,103.382342
25:49.8,103.21892,103.355293,103.382445,103.371074
25:54.2,103.23618,103.334848,103.391733,103.386283
26:00.0,103.243289,103.330518,103.361013,103.378831
26:04.7,103.249883,103.394825,103.345472,103.332587
26:08.7,103.176462,103.403541,103.389048,103.35018
26:14.1,103.265117,103.36503,103.383677,103.347602
26:19.7,103.22809,103.320738,103.363443,103.387964
26:24.1,103.292388,103.396856,103.378923,103.367427
26:28.9,103.197352,103.372152,103.440983,103.361632
26:33.6,103.256014,103.418786,103.328894,103.375585
26:37.2,103.255375,103.377633,103.376494,103.366819
26:44.0,103.242794,103.337828,103.383658,103.395777
26:49.8,103.204469,103.352328,103.332869,103.35233
26:54.4,103.272215,103.36893,103.431913,
27:00.0,103.252031,103.376856,103.338457,103.375264
27:04.0,103.211244,103.341325,103.330117,103.386684
27:09.8,103.223319,103.402116,103.41199,103.436919
27:13.2,103.202422,103.383619,103.375481,103.39368
27:19.9,103.243347,103.377016,103.3825,103.379448
27:24.8,103.226125,103.407429,103.376045,103.368624
27:30.0,103.233054,103.370722,103.373907,103.395848
27:34.3,103.257311,103.39236,103.380427,103.346327
27:39.5,103.193669,103.378322,103.365001,103.339909
27:44.8,103.277509,103.376228,103.43969,103.361547
27:49.4,103.189708,103.419735,103.376341,103.382173
27:54.8,103.203329,103.393512,103.372064,103.387984
27:59.3,103.204277,103.393527,103.328226,103.436599
28:04.3,103.221593,103.385564,103.344859,103.404473
28:10.0,103.224874,103.37661,103.383315,103.395218
28:15.0,103.236195,103.42706,103.368043,103.409291
28:17.9,103.226937,103.381003,103.384088,103.384999
28:24.3,103.246687,103.307588,103.398283,103.387582
28:29.1,103.218125,103.435346,103.380577,103.417286
28:34.0,103.170187,103.283781,103.453183,103.510783
28:39.8,103.252565,103.330219,103.367211,103.41991
28:44.6,103.231952,103.367731,103.394259,103.342029
28:49.1,103.23044,103.335002,103.372317,103.418779
28:54.7,103.280833,103.38943,103.349465,103.437866
28:58.5,103.22839,103.404335,103.392893,103.398212
29:03.7,103.2558,103.39108,103.379599,103.376744
29:09.6,103.231288,103.372548,103.387733,103.433525
29:14.9,103.232545,103.406741,103.370768,103.362056
29:19.0,103.271257,103.411354,103.369387,103.405054
29:24.7,103.239292,103.387083,103.275332,103.38926
29:27.7,103.237249,103.386364,103.379803,103.352447
29:34.1,103.258573,103.433865,103.351053,103.402475
29:39.5,103.352232,103.37865,103.43764,103.395274
29:45.0,103.222626,103.334216,103.280189,103.471554
29:49.8,103.275514,103.391867,103.41704,103.402854
29:54.0,103.245242,103.393094,103.373934,103.386509
29:58.0,103.232521,103.385182,103.373904,103.39349
30:04.8,103.250512,103.364523,103.388667,103.402713
30:09.8,103.233862,103.358099,103.378909,103.387023
30:14.7,103.221474,103.349971,103.428698,103.342574
30:19.8,103.216618,103.370551,103.373716,103.37877
30:24.8,103.241204,103.337648,103.403226,103.411124
30:29.8,103.224371,103.382502,103.359978,103.385251
30:33.5,103.17657,103.345927,103.392196,103.347551
30:40.0,103.174205,103.375615,103.388932,103.399568
30:44.4,103.25489,103.365586,103.386772,103.370788
30:49.5,103.202404,103.343429,103.379638,103.402062
30:54.2,103.237029,103.367036,103.408894,103.336287
30:57.9,103.275537,103.391357,103.38589,103.392742
31:04.6,103.240812,103.448635,103.37872,103.385987
31:09.5,103.269076,103.394249,103.375912,103.400573
31:14.9,103.258323,103.394309,103.360008,103.374858
31:18.1,103.280269,103.428143,103.380565,103.393517
31:24.1,103.214529,103.375392,103.372368,103.395423
31:28.3,103.180342,103.408581,103.370969,103.377309
31:34.5,103.272259,103.393808,103.361123,103.390998
31:39.8,103.23511,103.374361,103.34621,103.344109
31:44.5,103.227266,103.379261,103.381697,103.35792
31:49.4,103.273867,103.372836,103.361032,103.410658
31:54.5,103.251137,103.380148,103.371345,103.380334
31:58.9,103.267331,103.36601,103.36918,103.395852
32:04.7,103.242579,103.376577,103.394405,103.391208
32:09.8,103.244443,103.431464,103.391747,103.376041
32:14.9,103.256319,103.396006,103.367413,103.453089
32:19.8,103.296568,103.38197,103.344569,103.418674
32:24.8,103.248561,103.335289,103.398017,103.406468
32:29.5,103.253472,103.384966,103.410918,103.431541
32:34.6,103.268698,103.38369,103.420253,103.359042
32:40.0,103.257833,103.378517,103.381234,103.366225
32:44.9,103.214118,103.36864,103.442482,103.354916
32:49.8,103.257982,103.381412,103.39681,103.381875
32:54.2,103.226769,103.388426,103.377121,103.379425
32:59.0,103.213794,103.365916,103.37892,103.386335
33:04.9,103.22224,103.377846,103.419778,103.415339
33:09.9,103.255329,103.360172,103.361431,103.325159
33:14.9,103.251134,103.422695,103.388975,103.424135
33:18.4,103.269131,103.349599,103.357218,103.387783
33:24.6,103.241093,103.408155,103.493928,103.439523
33:29.8,103.263429,103.398287,103.397483,103.421552
33:34.4,103.241674,103.336617,103.371358,103.399094
33:39.9,103.227966,103.390489,103.378794,103.399805
33:43.3,103.238026,103.362084,103.381587,103.385401
33:50.0,103.25383,103.373916,103.390527,103.391426
33:54.2,103.288067,103.395787,103.38794,103.400391
33:59.9,103.236955,103.359585,103.351184,103.440852
34:03.8,103.219604,103.375719,103.416021,103.402371
34:09.4,103.337056,103.395019,103.39702,103.384227
34:14.5,103.247126,103.38691,103.388987,103.401268
34:19.3,103.230009,103.354028,103.367152,103.358006
34:24.7,103.227657,103.396434,103.387246,103.422802
34:29.8,103.219833,103.437489,103.358364,103.388601
34:34.8,103.237903,103.361356,103.475707,103.37953
34:39.7,103.231046,103.359091,103.381321,103.407406
34:44.9,103.238749,103.438962,103.434883,103.442574
34:49.8,103.291557,103.417276,103.371611,103.378507
34:54.9,103.221387,103.386116,103.319408,103.407901
34:59.8,103.210111,103.365124,103.404076,103.391027
35:04.2,103.257501,103.418044,103.382072,103.373892
35:09.1,103.232812,103.393157,103.357216,103.339635
35:13.9,103.257079,103.373615,103.405141,103.349758
35:19.6,103.218093,103.388848,103.368116,103.413893
35:24.6,103.258777,103.362579,103.324523,103.408393
35:30.0,103.267602,103.417324,103.399927,103.389528
35:34.5,103.213962,103.375364,103.398619,103.471283
35:39.9,103.279042,103.390677,103.357541,103.410465
35:44.9,103.26373,103.375208,103.302967,103.397328
35:49.8,103.214339,103.385082,103.395291,103.380647
35:54.8,103.253685,103.400967,103.353836,103.386136
35:59.9,103.263175,103.379035,103.364347,103.36046
36:04.8,103.248214,103.385162,103.406698,103.369051
36:10.0,103.243792,103.391897,103.378313,103.363028
36:13.9,103.253308,103.414055,103.382146,103.340744
36:19.3,103.266753,103.388318,103.376571,103.421887
36:23.2,103.246573,103.391831,103.371246,103.417792
36:29.6,103.218875,103.374798,103.385776,103.41599
36:33.8,103.28471,103.358834,103.357639,103.323914
36:39.5,103.202833,103.367417,103.351001,103.385131
36:44.8,103.241868,103.363938,103.388723,103.321146
36:49.4,103.233881,103.349376,103.368393,103.375008
36:54.5,103.218782,103.392321,103.37938,103.382741
36:58.5,103.252635,103.354721,103.369874,103.382372
37:04.5,103.247816,103.377057,103.377133,103.374205
37:09.8,103.245075,103.370772,103.360318,103.3804
37:14.2,103.224671,103.412481,103.382828,103.379955
37:20.0,103.203035,103.374092,103.333867,103.39715
37:24.6,103.244855,103.379235,103.382294,103.39143
37:29.4,103.213168,103.378324,103.366404,103.350387
37:34.6,103.261164,103.40119,103.381138,103.390671
37:39.3,103.231634,103.30599,103.391571,103.431744
37:44.3,103.245018,103.397605,103.388413,103.340219
37:49.6,103.254477,103.43587,103.374699,103.336999
37:54.6,103.211677,103.388116,103.344672,103.404719
38:00.0,103.212294,103.336174,103.379031,103.374021
38:04.1,103.225153,103.362245,103.365315,103.415602
38:09.8,103.148203,103.360204,103.41277,103.390551
38:14.7,103.264308,103.404559,103.376197,103.396668
38:19.3,103.216526,103.383247,103.384084,103.394169
38:24.2,103.227595,103.385068,103.396737,103.380646
38:28.4,103.250546,103.381052,103.397594,103.357989
38:34.4,103.168381,103.431692,103.384197,103.390482
38:39.8,103.257851,103.373004,103.404094,103.393756
38:44.9,103.272978,103.395595,103.367975,103.402191
38:49.7,103.219104,103.424475,103.384596,103.387788
38:54.3,103.239155,103.333193,103.385498,103.384614
38:58.7,103.253146,103.378453,103.356983,103.383277
39:04.4,103.240797,103.407382,103.377985,103.407013
39:09.9,103.307718,103.379232,103.385009,103.371444
39:12.7,103.228578,103.388046,103.397619,103.362428
39:19.4,103.23925,103.350259,103.411486,103.373643
39:24.7,103.247178,103.387378,103.393941,103.367327
39:29.9,103.284497,103.408666,103.395014,103.376776
39:33.2,103.2446,103.373694,103.389436,103.452445
39:39.9,103.279321,103.366113,103.38169,103.405582
39:45.0,103.263908,103.393873,103.351332,103.37644
39:49.8,103.28091,103.395206,103.390168,103.397283
39:54.6,103.249438,103.379623,103.379711,103.449842
39:59.9,103.286113,103.3472,103.308239,103.413674
40:04.9,103.253887,103.379198,103.37106,103.370885
40:09.0,103.249484,103.387336,103.3771,103.400057
40:14.8,103.263865,103.379603,103.385169,103.395218
40:19.9,103.219973,103.418979,103.386076,103.415846
40:24.2,103.28788,103.384036,103.452017,103.369143
40:29.8,103.279318,103.381421,103.407006,103.392002
40:34.6,103.269835,103.455979,103.438874,103.367081
40:39.9,103.265119,103.402721,103.354752,103.439147
40:44.4,103.286468,103.391487,103.428407,103.394099
40:49.9,103.250218,103.332407,103.366562,103.353102
40:54.7,103.290145,103.383576,103.381523,103.411251
40:59.8,103.276522,103.408511,103.37829,103.338325
41:04.8,103.251564,103.396953,103.378529,103.42143
41:09.2,103.273872,103.406706,103.371159,103.380388
41:14.0,103.24665,103.398769,103.414897,103.405152
41:19.3,103.246644,103.385421,103.405551,103.391513
41:24.7,103.225738,103.38827,103.391693,103.401091
41:29.0,103.248592,103.396745,103.367322,103.348457
41:34.2,103.238007,103.377142,103.383728,103.403959
41:36.4,103.222738,103.398819,103.377022,103.371891
41:44.7,103.239923,103.361668,103.425119,103.413822
41:49.7,103.246134,103.391727,103.320664,103.397161
41:54.6,103.221763,103.395982,103.344175,103.379775
41:58.7,103.294195,103.387373,103.386378,103.407702
42:04.5,103.268402,103.397969,103.375875,103.378367
42:09.4,103.263959,103.377079,103.43332,103.446316
42:14.7,103.225444,103.453248,103.378026,103.412112
42:19.9,103.236978,103.376103,103.391545,103.412196
42:24.3,103.255566,103.356186,103.42432,103.412134
42:29.5,103.248126,103.390545,103.384289,103.402073
42:34.3,103.22333,103.346172,103.398169,103.405729
42:39.7,103.224602,103.364663,103.401926,103.394126
42:44.9,103.2664,103.394621,103.409464,103.39086
42:49.6,103.246412,103.420834,103.382086,103.333758
42:52.7,103.235148,103.366533,103.413658,103.390083
42:58.7,103.182597,103.37462,103.380063,103.39945
43:04.6,103.236948,103.394053,103.394153,103.424262
43:09.9,103.246901,103.396164,103.357621,103.35754
43:15.0,103.22589,103.382099,103.388857,103.415228
43:19.7,103.272016,103.39068,103.423066,103.42134
43:24.5,103.255341,103.408199,103.380482,103.395258
43:29.6,103.280811,103.33697,103.390798,103.345896
43:35.0,103.278456,103.381984,103.379242,103.508244
43:40.0,103.267176,103.389499,103.405329,103.371432
43:45.0,103.263771,103.424025,103.38882,103.384698
43:49.8,103.267808,103.420915,103.395912,103.415381
43:54.0,103.263584,103.343793,103.336488,103.400632
43:59.6,103.249121,103.40912,103.424354,103.399716
44:04.9,103.252345,103.372794,103.416332,103.391461
44:09.4,103.221935,103.396035,103.389013,103.396088
44:14.5,103.285876,103.39434,103.417497,103.410741
44:19.6,103.273292,103.401141,103.394057,103.4435
44:24.7,103.274909,103.439121,103.404544,103.404368
44:29.6,103.262182,103.38972,103.417646,103.397832
44:34.8,103.263002,103.393655,103.403837,103.393784
44:37.7,103.265961,103.40546,103.396493,103.392407
44:44.4,103.258294,103.39692,103.401382,103.389979
44:49.4,103.252396,103.41231,103.381024,103.389919
44:54.7,103.301575,103.446064,103.420664,103.444403
44:59.6,103.226004,103.392713,103.374516,103.372379
45:04.6,103.271,103.420167,103.423324,103.444333
45:09.7,103.271256,103.389159,103.409096,103.374604
45:14.8,103.315483,103.40805,103.420492,103.404807
45:19.8,103.250569,103.40956,103.395021,103.435529
45:21.8,103.284689,103.415845,103.378423,103.395846
45:29.9,103.245234,103.405194,103.340127,103.411441
45:35.0,103.285373,103.416135,103.400223,103.39347
45:39.6,103.261994,103.406136,103.401961,103.423468
45:44.7,103.275463,103.398847,103.400012,103.387656
45:48.7,103.270325,103.417163,103.416713,103.412344
45:53.0,103.282313,103.408557,103.395329,103.440885
45:59.7,103.270788,103.397836,103.388336,103.402838
46:05.0,103.272723,103.36882,103.370608,103.435804
46:09.9,103.282975,103.380036,103.399938,103.354451
46:14.7,103.324715,103.399422,103.402024,103.406969
46:18.7,103.324651,103.399555,103.421319,103.42113
46:24.3,103.276586,103.378826,103.458291,103.40902
46:29.7,103.267638,103.39815,103.444813,103.411189
46:34.9,103.253061,103.372096,103.427895,103.448292
46:39.3,103.201515,103.424001,103.407438,103.365598
46:44.8,103.247487,103.401319,103.454973,103.406748
46:48.6,103.238884,103.373991,103.489684,103.429219
46:54.7,103.251028,103.40166,103.428124,103.391096
46:59.5,103.286168,103.351906,103.437188,103.408498
47:03.0,103.298834,103.36457,103.428679,103.404302
47:09.9,103.245864,103.396788,103.405017,103.432523
47:14.4,103.238994,103.403093,103.412907,103.406998
47:19.8,103.273089,103.389055,103.409308,103.399536
47:24.9,103.273046,103.422141,103.405023,103.420411
47:27.7,103.243367,103.38275,103.441336,103.419764
47:34.3,103.256323,103.375301,103.409277,103.410042
47:39.9,103.277197,103.306224,103.395547,103.431319
47:44.8,103.268013,103.379362,103.410979,103.403023
47:49.4,103.25008,103.408102,103.445274,103.40665
47:54.7,103.275041,103.410648,103.418434,103.411325
47:59.7,103.249438,103.371429,103.397806,103.41972
48:04.8,103.260319,103.406175,103.37341,103.4087
48:09.8,103.286384,103.383412,103.403766,103.421352
48:15.0,103.262246,103.404014,103.464363,103.396766
48:19.8,103.272914,103.43418,103.413392,103.426473
48:24.5,103.237205,103.41515,103.46247,103.39415
48:30.0,103.286415,103.400623,103.404289,103.419
48:34.7,103.255601,103.397609,103.424253,103.413032
48:39.7,103.281791,103.427367,103.423255,103.389953
48:45.0,103.241066,103.407746,103.383666,103.418718
48:49.9,103.214392,103.409512,103.413399,103.440428
48:54.9,103.266087,103.409509,103.41246,103.429304
48:59.9,103.23574,103.391681,103.404125,103.399998
49:04.8,103.27109,103.414292,103.363545,103.429416
49:09.2,103.273114,103.394355,103.386484,103.397257
49:14.9,103.295349,103.394566,103.406351,103.415416
49:19.3,103.278737,103.375867,103.409369,103.391077
49:24.3,103.291841,103.41754,103.452246,103.396996
49:29.1,103.270801,103.418207,103.458356,103.415633
49:35.0,103.191154,103.439799,103.392214,103.411718
49:40.0,103.274943,103.405923,103.427524,103.403215
49:44.8,103.278862,103.384522,103.408397,103.425338
49:49.8,103.272413,103.385685,103.421511,103.373464
49:54.3,103.250165,103.426615,103.429435,103.398888
49:59.4,103.291947,103.415409,103.420707,103.396759
50:04.2,103.256595,103.42517,103.377333,103.412198
50:09.6,103.238799,103.441278,103.433937,103.415071
50:15.0,103.261585,103.403509,103.394538,103.397955
50:19.3,103.259569,103.428395,103.396857,103.41206
50:22.6,103.269129,103.374033,103.393844,103.406641
50:29.8,103.253852,103.422343,103.378597,103.39644
50:31.8,103.213937,103.400102,103.400149,103.403273
50:39.5,103.252377,103.395413,103.412296,103.412972
50:44.8,103.302056,103.401796,103.376658,103.385756
50:49.3,103.248429,103.407268,103.378835,103.407226
50:54.6,103.255672,103.456295,103.401847,103.439392
50:59.6,103.283011,103.449555,103.410793,103.422124
51:04.7,103.266889,103.388291,103.431359,103.422405
51:10.0,103.280901,103.401692,103.357357,103.408428
51:12.6,103.308958,103.351896,103.406223,103.338702
51:18.5,103.255519,103.414912,103.404446,103.418493
51:25.0,103.238765,103.402208,103.429116,103.394557
51:29.5,103.266631,103.397159,103.396341,103.406826
51:35.0,103.30839,103.444611,103.387564,103.417161
51:39.1,103.247027,103.382165,103.454518,103.414392
51:45.0,103.310361,103.384925,103.404739,103.403384
51:48.7,103.266347,103.419578,103.383923,103.452267
51:54.9,103.291223,103.435149,103.438701,103.397674
51:59.0,103.295329,103.388385,103.401967,103.404196
52:04.5,103.240212,103.386916,103.388172,103.387517
52:09.7,103.261274,103.443561,103.457566,103.397886
52:15.0,103.289681,103.393012,103.407794,103.386736
52:19.7,103.249358,103.482732,103.446364,103.418631
52:24.7,103.294863,103.419719,103.404928,103.440018
52:29.4,103.253484,103.391908,103.392058,103.381476
52:33.9,103.25356,103.389699,103.399429,103.399307
52:39.1,103.243463,103.424732,103.386525,103.356091
52:44.8,103.251128,103.413347,103.383914,103.407892
52:49.7,103.263449,103.391976,103.401426,103.399606
52:53.5,103.321142,103.398666,103.38375,103.386089
52:59.7,103.31197,103.40283,103.399744,103.411542
53:04.5,103.343058,103.408774,103.407369,103.406971
53:08.6,103.241102,103.396845,103.382652,103.41154
53:14.5,103.259704,103.532852,103.375235,103.476274
53:17.9,103.333906,103.377442,103.375965,103.382856
53:23.9,103.262832,103.342466,103.395436,103.394741
53:29.9,103.2996,103.399526,103.41675,103.404335
53:34.6,103.253727,103.377415,103.425905,103.400423
53:39.8,103.277687,103.379246,103.422349,103.40875
53:42.5,103.247911,103.378549,103.381872,103.407438
53:50.0,103.262658,103.385483,103.40101,103.396083
53:54.8,103.264789,103.422499,103.386296,103.418355
53:59.9,103.238303,103.38263,103.393799,103.403688
54:05.0,103.264091,103.383527,103.39907,103.364298
54:09.5,103.306894,103.382782,103.414247,103.348759
54:14.7,103.277694,103.41185,103.387928,103.425894
54:19.6,103.246349,103.42609,103.396236,103.434894
54:23.1,103.271399,103.409477,103.380983,103.430054
54:28.7,103.26541,103.392952,103.398979,103.427563
54:34.6,103.243386,103.403498,103.345028,103.419427
54:39.7,103.252439,103.438608,103.475928,103.407738
54:44.4,103.279634,103.421051,103.410932,103.38783
54:49.9,103.238166,103.431082,103.447001,103.369266
54:55.0,103.27896,103.440499,103.485698,103.403055
54:59.7,103.28286,103.485696,103.422176,103.382731
55:04.5,103.264859,103.381182,103.400249,103.42811
55:09.8,103.252923,103.395698,103.365202,103.405303
55:14.8,103.26109,103.390178,103.419767,103.418212
55:19.3,103.26615,103.40528,103.403507,103.377233
55:24.5,103.28637,103.399967,103.415353,103.417404
55:29.5,103.320114,103.38846,103.491901,103.406888
55:34.6,103.280529,103.399815,103.400775,103.392719
55:39.5,103.267871,103.393611,103.363213,103.438929
55:44.9,103.265437,103.400272,103.400578,103.429964
55:49.1,103.272809,103.436192,103.444102,103.526198
55:54.9,103.247945,103.32836,103.401175,103.362143
55:59.9,103.219115,103.38605,103.384456,103.381999
56:04.8,103.270968,103.377991,103.395349,103.425106
56:10.0,103.199136,103.38668,103.423304,103.407041
56:15.0,103.266192,103.398507,103.421297,103.392974
56:19.3,103.273264,103.416912,103.419993,103.413357
,,,,
56:29.9,103.252533,103.41378,103.438254,103.417947
56:34.5,103.317778,103.34728,103.447003,103.406947
56:39.9,103.264794,103.412744,103.389659,103.421376
56:43.2,103.280115,103.41,103.431712,103.426867
56:49.7,103.295041,103.377863,103.435947,103.43866
56:54.4,103.272447,103.440136,103.419172,103.366245
57:00.0,103.268807,103.407204,103.41756,103.462956
57:04.7,103.225783,103.39685,103.439679,103.397697
57:09.4,103.285165,103.413784,103.396456,103.408315
57:14.9,103.240565,103.384491,103.399481,103.419147
57:19.2,103.227827,103.43171,103.406165,103.420693
57:24.2,103.269436,103.403281,103.40167,103.352554
57:30.0,103.287623,103.370725,103.42542,103.405185
57:34.4,103.319268,103.400013,103.410319,103.462973
57:40.0,103.260415,103.400044,103.400806,103.390455
57:44.9,103.247057,103.425124,103.400235,103.48989
57:49.0,103.291826,103.401896,103.403955,103.398627
57:55.0,103.285138,103.377993,103.379718,103.418688
57:59.0,103.251962,103.390124,103.421006,103.415992
58:04.7,103.287818,103.365549,103.392437,103.432992
58:09.7,103.280077,103.378672,103.565258,103.421899
58:14.4,103.209244,103.429297,103.39803,103.390883
58:19.9,103.269591,103.412273,103.386035,103.425508
58:23.3,103.266068,103.376789,103.440561,103.40887
58:28.9,103.258675,103.399825,103.440988,103.424378
58:34.2,103.248104,103.392187,103.360042,103.416894
58:39.9,103.227883,103.393057,103.422785,103.435668
58:45.0,103.246757,103.396132,103.410011,103.439544
58:49.2,103.278963,103.453042,103.39479,103.373943
58:53.8,103.267792,103.392372,103.411702,103.416769
58:59.9,103.243478,103.397666,103.417276,103.400596
59:04.4,103.263784,103.367844,103.406249,103.375383
59:09.5,103.251972,103.399064,103.362287,103.393214
59:13.7,103.278484,103.394136,103.363389,103.396074
59:19.8,103.237794,103.355775,103.404893,103.393324
59:24.9,103.272625,103.440024,103.469329,103.430848
59:29.8,103.274669,103.427366,103.352289,103.412121
59:35.0,103.276309,103.423587,103.41066,103.410494
59:39.7,103.300156,103.384256,103.422552,103.465053
59:43.6,103.250172,103.441934,103.43176,103.419776
59:49.9,103.290698,103.408883,103.392499,103.410578
59:52.4,103.266533,103.412386,103.407961,103.440375
59:59.1,103.243817,103.564683,103.424209,103.40753
00:04.7,103.273126,103.393565,103.424552,103.369892
00:10.0,103.254035,103.410925,103.454063,103.40919
00:15.0,103.257531,103.434531,103.407644,103.382751
00:19.6,103.272717,103.367824,103.404923,103.39901
00:24.9,103.237879,103.384307,103.408814,103.420431
00:28.7,103.309198,103.38234,103.348183,103.382919
00:35.0,103.284094,103.374892,103.379102,103.409951
00:39.1,103.288,103.468584,103.408798,103.443723
00:44.2,103.293238,103.3673,103.369383,103.418035
00:49.5,103.268613,103.407502,103.396902,103.429681
00:54.9,103.247052,103.423495,103.42113,103.403246
00:59.8,103.276108,103.430478,103.395202,103.416408
01:04.6,103.251332,103.405629,103.384418,103.408486
01:09.3,103.176951,103.354967,103.398158,103.392358
01:15.0,103.258702,103.455849,103.398295,103.422203
01:20.0,103.158864,103.396826,103.4581,103.35734
01:24.6,103.284028,103.426295,103.404933,103.408404
01:29.7,103.255043,103.446094,103.400712,103.435986
01:34.9,103.286153,103.342548,103.465024,103.382993
01:39.1,103.307942,103.354702,103.52115,103.439765
01:44.1,103.28482,103.445958,103.425717,103.41415
01:49.9,103.279908,103.386024,103.392979,103.410898
01:54.1,103.349508,103.434844,103.405517,103.38198
01:59.3,103.261035,103.426883,103.353957,103.38769
02:04.8,103.264544,103.466641,103.360449,103.375243
02:08.6,103.280972,103.400347,103.36716,103.377711
02:15.0,103.294134,103.490252,103.412255,103.385557
02:19.1,103.268285,103.470605,103.423452,103.428365
02:24.8,103.260276,103.413051,103.417508,103.436392
02:30.0,103.293188,103.400839,103.386226,103.425986
02:34.2,103.306207,103.409024,103.397599,103.419116
02:39.5,103.26776,103.423629,103.399224,103.424246
02:44.7,103.244909,103.395367,103.429379,103.425092
02:48.9,103.290933,103.389383,103.416594,103.4065
02:54.9,103.268609,103.40524,103.412117,103.411753
02:59.6,103.267928,103.414705,103.427949,103.416889
03:05.0,103.28245,103.416204,103.416453,103.418896
03:09.9,103.256434,103.449574,103.420584,103.414318
03:14.3,103.198161,103.422465,103.398692,103.435855
03:19.8,103.271851,103.405566,103.379956,103.438433
03:24.6,103.266602,103.385568,103.403614,103.410476
03:29.9,103.270571,103.391451,103.389559,103.398751
03:33.8,103.249757,103.450044,103.387852,103.484366
03:39.7,103.281753,103.394648,103.406838,103.409067
03:44.0,103.270478,103.426785,103.418565,103.418763
03:49.4,103.262457,103.384742,103.390006,103.384273
03:54.1,103.251706,103.387511,103.386576,103.406954
03:59.9,103.307232,103.399307,103.408883,103.426479
04:04.5,103.247556,103.351983,103.40632,103.411827
04:09.7,103.273407,103.443497,103.355975,103.415623
04:14.1,103.261407,103.407375,103.435731,103.383646
04:20.0,103.289667,103.453189,103.396207,103.497387
04:24.8,103.291247,103.428088,103.398924,103.421077
04:29.9,103.246285,103.419602,103.406034,103.414842
04:33.1,103.22757,103.328468,103.385824,103.401682
04:40.0,103.26254,103.453753,103.487906,103.413927
04:44.9,103.277737,103.367223,103.388496,103.418413
04:49.4,103.239444,103.353116,103.424728,103.413627
04:54.9,103.277383,103.430588,103.394969,103.465393
04:59.2,103.363459,103.412319,103.441733,103.444862
05:04.1,103.27251,103.415776,103.48644,103.409425
05:09.5,103.316317,103.413466,103.418789,103.415552
05:14.3,103.303554,103.380033,103.310126,103.413322
05:19.9,103.262352,103.402209,103.43034,103.40309
05:25.0,103.277541,103.392664,103.420486,103.443978
05:29.2,103.272476,103.41276,103.416681,103.39373
05:35.0,103.321823,103.43605,103.46416,103.431385
05:37.9,103.309226,103.401426,103.416158,103.425289
05:43.7,103.250493,103.447659,103.482847,103.439006
05:49.8,103.306752,103.438776,103.403723,103.438668
05:54.3,103.332282,103.42833,103.436131,103.436592
05:58.9,103.277809,103.422838,103.416978,103.427953
06:04.4,103.285497,103.397517,103.427389,103.432328
06:10.0,103.282,103.452364,103.413908,103.423579
06:13.5,103.267243,103.341918,103.414439,103.432175
06:19.9,103.307144,103.398807,103.427357,103.433157
06:24.7,103.290899,103.397726,103.397442,103.408019
06:29.9,103.260013,103.418497,103.40182,103.426672
06:34.4,103.305414,103.404816,103.363065,103.423242
06:39.7,103.301725,103.465806,103.450484,103.432828
06:44.5,103.266536,103.400203,103.361073,103.366207
06:49.6,103.353566,103.412882,103.458933,103.433033
06:54.7,103.281073,103.436878,103.401823,103.446851
06:58.6,103.260337,103.377192,103.431671,103.424678
07:04.9,103.280228,103.38339,103.405789,103.422498
07:10.0,103.267039,103.409538,103.415937,103.453613
07:13.4,103.293107,103.421481,103.409216,103.40497
07:20.0,103.286686,103.42376,103.442236,103.427084
07:24.8,103.249703,103.417806,103.40923,103.441519
07:29.8,103.292271,103.448246,103.421719,103.510789
07:34.9,103.28928,103.416505,103.444071,103.409973
07:39.9,103.287174,103.497937,103.421384,103.440268
07:44.6,103.280468,103.390606,103.452277,103.404699
07:49.5,103.288703,103.396879,103.392183,103.405275
07:54.7,103.263554,103.374657,103.440394,103.439975
07:59.4,103.281979,103.426526,103.450412,103.427785
08:05.0,103.301825,103.37686,103.466201,103.450858
08:09.7,103.282633,103.413016,103.432161,103.479999
08:13.6,103.306738,103.362273,103.430749,103.427525
08:19.5,103.281337,103.438945,103.417626,103.401789
08:24.8,103.276603,103.436283,103.387644,103.40736
08:29.8,103.286492,103.448418,103.399493,103.424069
08:34.4,103.304754,103.419402,103.414504,103.443563
08:39.9,103.384852,103.427396,103.427085,103.39067
08:44.6,103.285124,103.402338,103.429599,103.422379
08:49.7,103.292163,103.426607,103.397108,103.378192
08:54.4,103.280361,103.365013,103.405646,103.43198
08:59.5,103.304718,103.410105,103.445424,103.419543
09:04.7,103.326421,103.427746,103.429744,103.405266
09:09.1,103.291593,103.387593,103.422116,103.411448
09:13.8,103.273546,103.449268,103.403081,103.380682
09:20.0,103.28315,103.427995,103.430058,103.443199
09:24.7,103.256292,103.417155,103.436193,103.430475
09:29.5,103.287244,103.418012,103.344065,103.427902
09:34.8,103.270209,103.40053,103.401564,103.446749
09:38.3,103.28753,103.407151,103.426066,103.420376
09:44.3,103.236513,103.402921,103.422292,103.429775
09:49.5,103.286505,103.454424,103.471694,103.436826
09:54.8,103.28998,103.420548,103.45743,103.397625
09:58.8,103.272223,103.388867,103.433339,103.407666
10:04.8,103.277604,103.439336,103.400346,103.445199
10:09.0,103.221161,103.332024,103.412593,103.453344
10:15.0,103.266072,103.467406,103.390477,103.453551
10:19.0,103.303569,103.368849,103.397828,103.416434
10:24.5,103.283853,103.382797,103.444264,103.528115
10:29.0,103.305322,103.424914,103.413436,103.446313
10:34.9,103.247031,103.414246,103.438679,103.413309
10:39.4,103.288453,103.404588,103.391457,103.461943
10:43.8,103.29737,103.357538,103.43144,103.431115
10:49.8,103.258198,103.435597,103.411275,103.432831
10:54.6,103.35106,103.421806,103.456906,103.410272
10:59.2,103.269833,103.384002,103.457992,103.452285
11:04.3,103.285017,103.432563,103.415321,103.459405
11:09.4,103.314405,103.41754,103.454987,103.415434
11:15.0,103.298105,103.425181,103.439587,103.421377
11:19.3,103.298162,103.51704,103.432141,103.44532
11:24.9,103.323018,103.441866,103.411418,103.437612
11:29.1,103.239242,103.453848,103.492964,103.415377
11:34.7,103.321171,103.43008,103.440083,103.439023
11:39.9,103.313472,103.439021,103.410428,103.462799
11:44.5,103.273621,103.453201,103.433348,103.433242
11:49.4,103.297093,103.352191,103.437992,103.458343
11:54.9,103.31834,103.475807,103.425206,103.44469
11:59.2,103.279339,103.452619,103.403264,103.427916
12:04.7,103.300548,103.44568,103.423055,103.435853
12:10.0,103.269303,103.427759,103.457738,103.486388
12:14.9,103.343315,103.443664,103.439217,103.44188
12:19.7,103.294556,103.430638,103.448658,103.467032
12:25.0,103.29388,103.451354,103.458274,103.427602
12:30.0,103.270431,103.441377,103.446209,103.425525
12:35.0,103.282692,103.43437,103.450901,103.427838
12:39.4,103.300253,103.45878,103.44516,103.407019
12:44.7,103.375471,103.492758,103.42447,103.41024
12:49.9,103.280331,103.417166,103.439433,103.397102
12:54.3,103.315415,103.437366,103.461501,103.4146
12:59.9,103.282138,103.423407,103.424499,103.414708
13:04.9,103.266539,103.360988,103.42926,103.476768
13:09.3,103.300743,103.413574,103.439537,103.431527
13:15.0,103.327122,103.429844,103.451742,103.412449
13:19.4,103.270061,103.466867,103.470741,103.456705
13:23.7,103.290819,103.465591,103.442573,103.36964
13:29.6,103.216529,103.451929,103.428072,103.434646
13:34.2,103.344613,103.405236,103.443033,103.422729
13:40.0,103.290401,103.429569,103.431045,103.430812
13:44.9,103.268492,103.403937,103.428309,103.453009
13:49.2,103.317291,103.420612,103.441057,103.414739
13:53.4,103.280959,103.424539,103.449285,103.492975
13:59.4,103.292357,103.418942,103.433938,103.411762
14:04.8,103.297051,103.429112,103.428649,103.448517
14:09.1,103.289448,103.469091,103.400318,103.444419
14:13.1,103.287181,103.426885,103.567262,103.38565
14:19.6,103.354127,103.453247,103.444804,103.461783
14:23.6,103.286253,103.454812,103.408774,103.422247
14:29.8,103.268781,103.380561,103.386483,103.480411
14:34.9,103.276411,103.373126,103.411626,103.44388
,,,,
14:44.7,103.279091,103.388472,103.445258,103.440109
14:49.2,103.262045,103.420709,103.429799,103.435687
14:54.8,103.343186,103.391025,103.425362,103.433549
14:59.6,103.329557,103.422115,103.426703,103.370711
15:04.8,103.266164,103.366074,103.394052,103.502743
15:09.9,103.272209,103.397136,103.480099,103.453128
15:14.4,103.286126,103.453496,103.459905,103.429893
15:18.7,103.266854,103.350792,103.440434,103.433879
15:24.7,103.267396,103.392595,103.421731,103.456228
15:29.0,103.280057,103.446694,103.43104,103.448435
15:34.5,103.28526,103.437633,103.438496,103.44603
15:37.8,103.293355,103.40818,103.396807,103.431642
15:45.0,103.222283,103.507379,103.442917,103.39573
15:49.6,103.285272,103.408035,103.411893,103.424063
15:54.7,103.222029,103.370402,103.443795,103.40867
15:56.6,103.316012,103.411336,103.405568,103.400748
16:05.0,103.324226,103.406189,103.444522,103.453399
16:09.5,103.328584,103.444675,103.425262,103.454081
16:13.4,103.297509,103.409015,103.426107,103.454384
16:18.9,103.274264,103.46232,103.438536,103.456315
16:24.2,103.272295,103.400092,103.415661,103.423661
16:28.5,103.256115,103.456465,103.413363,103.419353
16:34.6,103.260667,103.443053,103.442397,103.443661
16:40.0,103.285192,103.468487,103.413254,103.437506
16:45.0,103.276548,103.415831,103.457273,103.416875
16:49.4,103.298685,103.434789,103.412304,103.394215
16:54.1,103.280995,103.419436,103.415493,103.420345
16:59.5,103.332879,103.445047,103.421096,103.433476
17:05.0,103.306629,103.49145,103.447587,103.453165
17:09.7,103.257454,103.514338,103.412481,103.422334
17:14.1,103.268652,103.458435,103.459444,103.43072
17:19.8,103.288509,103.43379,103.448354,103.444616
17:24.8,103.306977,103.442363,103.446333,103.441818
17:28.2,103.288834,103.408171,103.424938,103.442864
17:33.3,103.296313,103.449687,103.417287,103.393818
17:40.0,103.302118,103.478627,103.389411,103.441465
17:43.9,103.290725,103.442121,103.438687,103.480987
17:49.7,103.245587,103.466704,103.399801,103.44792
17:54.6,103.295341,103.435653,103.406265,103.455855
17:59.4,103.289028,103.478624,103.444638,103.439893
18:04.9,103.353358,103.448531,103.416966,103.466016
18:08.2,103.300008,103.413714,103.434712,103.422066
18:13.9,103.270713,103.423202,103.421344,103.438
18:19.9,103.28587,103.421691,103.424338,103.468409
18:24.9,103.299265,103.456485,103.425019,103.425317
18:28.8,103.296244,103.405997,103.476153,103.437448
18:33.1,103.321377,103.459696,103.469823,103.424308
18:39.6,103.291602,103.443451,103.434963,103.443536
18:44.8,103.295267,103.463239,103.383759,103.446077
18:49.5,103.318371,103.459092,103.387797,103.418514
18:54.5,103.310373,103.375296,103.424026,103.425015
19:00.0,103.309326,103.448025,103.422282,103.444075
19:04.8,103.316372,103.422287,103.437353,103.435051
19:08.6,103.319844,103.43958,103.435187,103.440027
19:14.8,103.297392,103.435363,103.420589,103.405477
19:19.9,103.249974,103.476036,103.417924,103.481058
19:24.2,103.312972,103.406238,103.399365,103.400846
19:30.0,103.290279,103.390118,103.451369,103.355163
19:34.8,103.296727,103.391622,103.419263,103.459941
19:39.3,103.331298,103.446239,103.415585,103.505618
19:44.8,103.271317,103.402855,103.424402,103.400536
19:50.0,103.249426,103.424916,103.429641,103.442268
19:55.0,103.271189,103.337513,103.421537,103.437943
19:59.2,103.305989,103.447821,103.441087,103.439241
20:04.7,103.296493,103.426377,103.443688,103.44305
20:09.8,103.303272,103.476734,103.433766,103.508986
20:14.9,103.315213,103.459367,103.437934,103.452661
20:19.2,103.292804,103.411392,103.387089,103.417599
20:24.6,103.302954,103.439798,103.385649,103.44447
20:29.0,103.360876,103.412176,103.434883,103.440498
20:34.2,103.308068,103.419511,103.423514,103.475649
20:39.8,103.270883,103.410462,103.435255,103.359659
20:44.4,103.275166,103.421585,103.442515,103.472248
20:49.4,103.303571,103.405633,103.419888,103.436316
20:54.9,103.238194,103.455884,103.439194,103.484184
20:59.5,103.314149,103.357223,103.448166,103.429
21:04.9,103.289972,103.446146,103.47835,103.466673
21:09.7,103.272634,103.394204,103.42611,103.419692
21:14.8,103.262379,103.417476,103.40911,103.437412
21:18.3,103.25463,103.455484,103.393246,103.455759
21:24.6,103.269153,103.399967,103.421503,103.411106
21:29.5,103.328627,103.435333,103.414322,103.480843
21:34.6,103.29913,103.410828,103.34954,103.444881
21:38.1,103.277676,103.483698,103.498707,103.471997
21:45.0,103.278031,103.434851,103.43807,103.44448
21:49.2,103.293008,103.430676,103.407007,103.446912
21:54.9,103.315125,103.399562,103.466306,103.446251
21:59.9,103.297519,103.417113,103.430805,103.432045
22:05.0,103.285496,103.424072,103.477707,103.461559
22:10.0,103.20796,103.465353,103.408821,103.476001
22:14.9,103.285013,103.425153,103.427976,103.436387
22:17.5,103.304846,103.428695,103.440991,103.398072
22:23.9,103.29148,103.47649,103.432096,103.37262
22:29.2,103.315125,103.40443,103.440343,103.463959
22:33.8,103.327493,103.432504,103.433832,103.409163
22:39.5,103.293317,103.425082,103.44136,103.460458
22:43.6,103.311389,103.51738,103.384541,103.361223
22:50.0,103.312184,103.486078,103.464629,103.416766
22:54.3,103.301683,103.409754,103.433662,103.451529
22:59.8,103.28788,103.45483,103.444851,103.444642
23:05.0,103.288231,103.426216,103.433459,103.428317
23:09.7,103.280944,103.443712,103.434735,103.438677
23:14.6,103.266388,103.434865,103.370196,103.417766
23:18.5,103.298879,103.449367,103.437016,103.402763
23:24.9,103.297506,103.407934,103.453381,103.427041
23:29.3,103.287033,103.418798,103.417198,103.459009
23:35.0,103.303889,103.436419,103.437178,103.435007
23:38.1,103.292949,103.480287,103.444464,103.444812
23:44.4,103.285854,103.430114,103.377047,103.429248
23:48.1,103.269912,103.409116,103.418481,103.432764
23:55.0,103.293114,103.397404,103.425672,103.444887
23:59.0,103.34952,103.38295,103.455086,103.452849
24:03.9,103.294675,103.450569,103.446721,103.365018
24:08.5,103.294274,103.428755,103.42814,103.416745
24:14.9,103.274167,103.347908,103.405084,103.405891
24:20.0,103.288998,103.430237,103.422767,103.435779
24:23.1,103.299763,103.422988,103.434366,103.460482
24:29.4,103.286215,103.427758,103.419749,103.429142
24:34.5,103.328082,103.428803,103.430199,103.460871
24:40.0,103.289934,103.454296,103.410741,103.390441
24:43.4,103.335027,103.430239,103.442287,103.429777
24:48.8,103.287118,103.356324,103.415019,103.431741
24:55.0,103.276061,103.421446,103.389957,103.431103
24:58.6,103.293491,103.464149,103.469159,103.42662
25:04.6,103.298462,103.4188,103.423876,103.438502
25:08.8,103.278587,103.421531,103.436828,103.431859
25:14.7,103.331078,103.465326,103.454029,103.438497
25:19.3,103.302757,103.426182,103.418389,103.475235
25:24.4,103.274713,103.421571,103.430484,103.397021
25:29.1,103.291791,103.413579,103.435168,103.448862
25:33.8,103.306629,103.437125,103.462259,103.403287
25:38.5,103.316677,103.364699,103.437719,103.441315
25:45.0,103.306125,103.434633,103.430787,103.454053
25:49.8,103.339341,103.373562,103.411405,103.445669
25:52.8,103.276125,103.446201,103.418906,103.444411
25:59.1,103.256421,103.428162,103.427976,103.379158
26:04.6,103.291609,103.415152,103.435732,103.416122
26:07.5,103.295384,103.43428,103.430908,103.429286
26:13.9,103.328092,103.409525,103.434068,103.409032
26:20.0,103.282608,103.442018,103.434149,103.462291
26:24.1,103.248211,103.437331,103.422711,103.441922
26:29.4,103.31011,103.409954,103.440219,103.448314
26:34.8,103.302584,103.443503,103.399209,103.530329
26:39.9,103.282528,103.427079,103.40562,103.446286
26:44.7,103.301773,103.421254,103.487083,103.421372
26:49.9,103.319802,103.406683,103.454315,103.411934
26:54.9,103.274372,103.427141,103.452068,103.474004
26:59.2,103.298087,103.389288,103.450456,103.423766
27:04.8,103.247727,103.426287,103.438671,103.436604
27:09.3,103.311799,103.433894,103.445706,103.430845
27:14.7,103.26591,103.420118,103.433669,103.425443
27:20.0,103.279275,103.430947,103.424845,103.418024
27:24.8,103.283259,103.381922,103.456276,103.443707
27:29.3,103.296,103.413835,103.444245,103.440448
27:32.7,103.275754,103.433619,103.423737,103.414615
27:39.1,103.294986,103.433714,103.4289,103.561824
27:44.6,103.312367,103.428892,103.447041,103.45138
27:49.4,103.285579,103.464835,103.389903,103.434218
27:53.1,103.306792,103.410684,103.439873,103.448
27:59.6,103.284142,103.428639,103.361708,103.383517
28:03.5,103.295282,103.436693,103.440974,103.452052
28:09.8,103.289859,103.429375,103.517669,103.411018
28:14.3,103.348118,103.40202,103.438822,103.404196
28:19.9,103.28577,103.449577,103.42798,103.417294
28:24.9,103.290233,103.418645,103.431129,103.453256
28:29.5,103.301285,103.423257,103.444172,103.453345
28:34.8,103.309233,103.440145,103.529783,103.487545
28:38.8,103.296477,103.419144,103.387852,103.442475
28:44.9,103.274326,103.400199,103.47102,103.466162
28:47.9,103.292886,103.386792,103.350734,103.433094
28:54.7,103.249477,103.462067,103.448068,103.444998
28:59.8,103.292191,103.401298,103.43158,103.440072
29:04.9,103.305841,103.433146,103.405526,103.439708
29:08.3,103.344558,103.427425,103.434906,103.468086
29:14.9,103.316769,103.43313,103.47024,103.458612
29:18.8,103.313864,103.435073,103.454459,103.459698
29:25.0,103.289944,103.433346,103.376897,103.450919
29:29.7,103.30108,103.42945,103.425353,103.424711
29:34.1,103.293124,103.419805,103.452623,103.423971
29:39.5,103.286855,103.43303,103.376,103.450455
29:44.9,103.280887,103.415658,103.44051,103.453421
29:49.6,103.295698,103.423061,103.435513,103.408278
29:54.7,103.296866,103.520546,103.433877,103.401052
29:59.7,103.299445,103.451933,103.440204,103.426636
30:04.9,103.289671,103.431159,103.428085,103.44348
30:09.9,103.340825,103.439347,103.438182,103.45775
30:14.9,103.303737,103.456845,103.418555,103.471486
30:19.8,103.29698,103.42198,103.434771,103.428636
30:24.1,103.316744,103.449176,103.417568,103.437536
30:29.9,103.425005,103.45089,103.465861,103.452134
30:34.1,103.292131,103.434705,103.346997,103.47596
30:39.8,103.307724,103.459517,103.438007,103.498879
30:43.5,103.29565,103.421909,103.469504,103.515334
30:49.9,103.31358,103.46638,103.339196,103.417807
30:54.8,103.296602,103.448359,103.364369,103.437802
30:59.9,103.348008,103.477948,103.454565,103.421684
31:04.3,103.281581,103.400269,103.408605,103.431764
31:10.0,103.263451,103.439575,103.429734,103.453633
31:15.0,103.319468,103.430045,103.461767,103.455505
31:19.2,103.336069,103.445659,103.482656,103.443947
31:23.8,103.322852,103.444229,103.427212,103.448728
31:29.7,103.312231,103.450247,103.434353,103.381821
31:33.5,103.22753,103.43949,103.429948,103.425843
31:39.5,103.293292,103.448414,103.452734,103.45111
31:44.9,103.306253,103.428783,103.441638,103.479058
31:49.2,103.304573,103.433898,103.443112,103.448014
31:54.2,103.280886,103.384525,103.437709,103.448738
31:59.8,103.212702,103.518716,103.514477,103.458892
32:04.3,103.291147,103.437318,103.40412,103.469673
32:09.6,103.332451,103.428401,103.457412,103.432462
32:14.7,103.287179,103.446811,103.438402,103.443343
32:19.0,103.308114,103.468856,103.42766,103.443971
32:24.9,103.304113,103.433459,103.39635,103.430714
32:29.7,103.273582,103.43816,103.391142,103.438306
32:35.0,103.269774,103.435106,103.452474,103.41088
32:39.4,103.287828,103.436777,103.429658,103.416965
32:44.5,103.302224,103.422007,103.43593,103.423899
32:50.0,103.316715,103.440482,103.471736,103.41707
32:54.9,103.245293,103.449636,103.431998,103.369353
32:59.5,103.371184,103.436751,103.439367,103.428613
33:04.2,103.300194,103.440899,103.42519,103.422623
33:09.7,103.30443,103.403031,103.456386,103.44174
33:13.6,103.285708,103.436945,103.40526,103.434222
33:20.0,103.286795,103.442212,103.427563,103.435042
33:24.7,103.275867,103.449516,103.427083,103.450357
33:29.8,103.304378,103.4087,103.429758,103.473606
33:35.0,103.259008,103.432512,103.443169,103.464388
33:39.5,103.302755,103.498456,103.521199,103.437691
33:44.6,103.26392,103.444565,103.381404,103.439192
33:49.6,103.315328,103.416442,103.454352,103.451386
33:54.7,103.285602,103.412287,103.424633,103.459108
34:00.0,103.274603,103.413389,103.413863,103.426668
34:05.0,103.275222,103.433932,103.437166,103.427555
34:08.7,103.307793,103.426857,103.43142,103.44968
34:14.5,103.224046,103.403538,103.457602,103.435882
34:19.8,103.307283,103.405424,103.363535,103.457936
34:24.2,103.29843,103.473384,103.401221,
34:28.8,103.341168,103.473854,103.441271,103.427732
34:34.7,103.345637,103.432917,103.418205,103.451976
34:39.7,103.310247,103.443932,103.403392,103.449976
34:44.8,103.319028,103.444219,103.434697,103.512369
34:49.7,103.303165,103.446333,103.429382,103.457002
34:54.7,103.240277,103.390867,103.435294,103.448588
34:59.7,103.274703,103.454278,103.38346,103.445315
35:04.8,103.335061,103.460661,103.412999,103.424249
35:09.9,103.302268,103.45035,103.465367,103.438461
35:14.0,103.32237,103.47,103.418646,103.442025
35:19.7,103.358207,103.437748,103.436621,103.439888
35:24.2,103.295904,103.477103,103.439522,103.452388
35:30.0,103.274955,103.411287,103.426817,103.515572
35:34.9,103.31709,103.466658,103.439664,103.490049
35:39.5,103.286687,103.51306,103.402691,103.438714
35:44.0,103.298037,103.496417,103.445383,103.445612
35:49.2,103.256378,103.449582,103.426031,103.394659
35:53.5,103.260309,103.451187,103.438203,103.381578
35:59.9,103.245518,103.443945,103.43606,103.452498
36:04.8,103.309358,103.453995,103.440285,103.445441
36:09.8,103.299615,103.494772,103.542834,103.444573
36:14.3,103.308501,103.437667,103.435942,103.436014
36:19.5,103.337768,103.430254,103.429076,103.442178
36:24.9,103.323094,103.439537,103.441847,103.470461
36:29.8,103.325715,103.428083,103.464306,103.458784
36:34.5,103.309912,103.447112,103.446576,103.457656
36:39.8,103.42571,103.459128,103.462237,103.429983
36:44.4,103.27205,103.468115,103.442154,103.455152
36:49.6,103.321731,103.474952,103.452772,103.454181
36:54.9,103.333639,103.455463,103.441114,103.441267
36:58.8,103.314712,103.418804,103.451,103.483685
37:04.9,103.34062,103.439694,103.492686,103.473698
37:09.5,103.321697,103.424966,103.416421,103.457102
37:15.0,103.309588,103.441536,103.48102,103.409748
37:18.4,103.31109,103.468142,103.415861,103.442362
37:23.3,103.320631,103.461978,103.426418,103.470216
37:30.0,103.303477,103.435505,103.39297,103.471064
37:35.0,103.26087,103.439244,103.437088,103.445921
37:39.8,103.315113,103.334819,103.513207,103.432334
37:44.7,103.376947,103.446602,103.488034,103.483272
37:49.9,103.309285,103.441873,103.441481,103.435784
37:54.8,103.304775,103.438636,103.52127,103.448514
37:59.7,103.308101,103.464452,103.442832,103.405709
,,,,
38:09.7,103.292652,103.448602,103.422911,103.45489
38:13.8,103.279994,103.397868,103.435252,103.456286
38:19.7,103.29228,103.434303,103.426691,103.439559
38:24.5,103.297873,103.430146,103.43686,103.456881
38:27.5,103.282073,103.43965,103.451481,103.451088
38:34.1,103.29995,103.428166,103.447768,103.435603
38:39.1,103.285995,103.422249,103.440837,103.546928
38:44.2,103.30926,103.496847,103.419849,103.444803
38:49.8,103.328628,103.413602,103.440434,103.461861
38:54.8,103.257446,103.495713,103.4511,103.409397
38:58.0,103.261593,103.428436,103.500857,103.420801
39:03.6,103.301342,103.410016,103.46391,103.559316
39:09.6,103.273792,103.432712,103.445354,103.443739
39:14.9,103.305567,103.437033,103.381223,103.446448
39:18.9,103.256708,103.476501,103.452969,103.380527
39:24.6,103.326564,103.44225,103.4691,103.426582
39:28.9,103.304073,103.445815,103.459446,103.350586
39:34.7,103.274551,103.443944,103.455654,103.454588
39:39.2,103.379147,103.389085,103.449719,103.538012
39:45.0,103.311414,103.451735,103.432791,103.457885
39:48.9,103.285821,103.449902,103.503607,103.475288
39:52.9,103.265148,103.419205,103.437314,103.472527
39:59.8,103.264941,103.455245,103.426289,103.513716
40:04.5,103.3634,103.430112,103.441036,103.465169
40:09.6,103.330041,103.4652,103.459523,103.390892
40:13.9,103.325172,103.453644,103.447434,103.480938
40:19.8,103.359247,103.493654,103.410542,103.441155
40:24.6,103.318937,103.447276,103.429438,103.491216
40:29.7,103.301174,103.422595,103.453762,103.461829
40:34.4,103.336704,103.429122,103.498369,103.459871
40:39.9,103.307224,103.432312,103.471396,103.456304
40:43.4,103.28885,103.449906,103.503795,103.52045
40:49.1,103.301885,103.442776,103.454471,103.444699
40:54.8,103.305675,103.447349,103.42323,103.523136
40:59.8,103.2971,103.417712,103.450382,103.423213
41:05.0,103.315938,103.341691,103.383248,103.464823
41:09.0,103.247761,103.465764,103.435232,103.45993
41:14.4,103.31247,103.435017,103.427951,103.458
41:19.8,103.277482,103.446671,103.504233,103.456679
41:24.6,103.291457,103.4138,103.443819,103.453336
41:29.7,103.305437,103.43254,103.449013,103.450224
41:35.0,103.290803,103.473602,103.442308,103.451952
41:39.8,103.313218,103.445842,103.426381,103.451352
41:44.5,103.259679,103.437938,103.399707,103.444859
41:48.4,103.312645,103.454615,103.431809,103.442865
41:54.4,103.32566,103.444691,103.444246,103.420955
42:00.0,103.319685,103.44682,103.373281,103.473672
42:04.7,103.376964,103.443408,103.452152,103.440705
42:09.5,103.296709,103.463449,103.589349,103.448902
42:13.6,103.305563,103.515493,103.455583,103.45203
42:18.7,103.268384,103.416929,103.431908,103.517591
42:24.8,103.29855,103.41769,103.47522,103.448207
42:29.8,103.341761,103.456797,103.439576,103.556934
42:34.7,103.322178,103.469405,103.43666,103.472165
42:38.2,103.296776,103.437469,103.441722,103.510538
42:44.8,103.316399,103.456535,103.449005,103.474682
42:49.4,103.315386,103.456927,103.463942,103.448846
42:54.5,103.359642,103.444103,103.446671,103.445179
43:00.0,103.337801,103.45777,103.467922,103.478441
43:04.7,103.247104,103.467415,103.441721,103.498227
43:07.5,103.313287,103.464676,103.454644,103.43974
43:14.1,103.314484,103.453004,103.427873,103.482961
43:19.1,103.297313,103.449792,103.512506,103.443587
43:24.9,103.276033,103.468283,103.481529,103.472908
43:29.7,103.23971,103.449634,103.497109,103.467236
43:33.5,103.345907,103.455427,103.436985,103.40717
43:39.3,103.339163,103.440331,103.409743,103.375905
43:44.7,103.39458,103.436761,103.455661,103.421328
43:49.8,103.340201,103.475179,103.473627,103.453484
43:53.3,103.364212,103.459929,103.469814,103.488468
43:59.7,103.317918,103.436504,103.46031,103.475023
44:03.9,103.328619,103.439306,103.483157,103.411562
44:09.5,103.294311,103.434895,103.44973,103.51394
44:14.5,103.304558,103.477369,103.448841,103.492315
44:19.7,103.318192,103.419348,103.50459,103.478294
44:24.9,103.316126,103.426409,103.484442,103.483981
44:28.9,103.325488,103.464294,103.436907,103.449573
44:34.8,103.302706,103.452079,103.493791,103.42214
44:40.0,103.288121,103.44833,103.453868,103.5002
44:44.8,103.30883,103.431031,103.427996,103.458524
44:48.2,103.289599,103.43276,103.45317,103.478574
44:54.2,103.287209,103.472575,103.449755,103.485138
44:59.5,103.333343,103.40839,103.407109,103.465263
45:04.9,103.34866,103.456752,103.421793,103.473678
45:09.4,103.246035,103.474756,103.471597,103.467289
45:14.7,103.346996,103.4596,103.450423,103.473435
45:19.6,103.321658,103.404947,103.436387,103.44729
45:25.0,103.308136,103.487289,103.423561,103.492368
45:30.0,103.321551,103.452604,103.422641,103.464891
45:34.3,103.333947,103.41547,103.43967,103.389774
45:39.0,103.324111,103.417601,103.470233,103.427169
45:45.0,103.304759,103.443613,103.451973,103.463356
45:49.1,103.327709,103.413972,103.443419,103.451726
45:53.8,103.303014,103.457916,103.463206,103.477947
45:59.2,103.313978,103.432399,103.412859,103.399119
46:04.6,103.305778,103.427174,103.383095,103.432128
46:09.7,103.336412,103.437829,103.446025,103.470846
46:13.1,103.310299,103.408701,103.485331,103.484612
46:19.8,103.302883,103.413195,103.417829,103.4596
46:25.0,103.294571,103.434837,103.433245,103.457754
46:30.0,103.331644,103.474014,103.391239,103.452338
46:34.1,103.289675,103.444273,103.420095,103.449148
46:39.6,103.325563,103.479923,103.461246,103.450488
46:44.4,103.305403,103.435872,103.434531,103.428123
46:49.9,103.310932,103.445424,103.420023,103.460049
46:54.2,103.320635,103.396902,103.411623,103.418558
46:59.4,103.328247,103.44913,103.422272,103.453057
47:04.7,103.314093,103.443288,103.454724,103.458996
47:10.0,103.30482,103.434275,103.45161,103.40553
47:13.2,103.315084,103.429374,103.422952,103.45204
47:19.7,103.33132,103.439302,103.41388,103.467934
47:23.4,103.324888,103.448751,103.419826,103.452136
47:30.0,103.340902,103.502001,103.485185,103.443493
47:34.8,103.319853,103.435002,103.461341,103.481778
47:39.5,103.317298,103.425655,103.423449,103.451514
47:44.8,103.261052,103.43962,103.450462,103.464888
47:49.6,103.289667,103.40403,103.428457,103.473892
47:54.7,103.30294,103.444555,103.425785,103.442656
47:59.1,103.298436,103.440253,103.44565,103.446761
48:04.4,103.306257,103.430779,103.418327,103.427268
48:10.0,103.274725,103.421457,103.453086,103.444598
48:14.9,103.401166,103.460657,103.44878,103.464884
48:19.1,103.293799,103.42861,103.45212,103.440027
48:23.2,103.307721,103.445484,103.46599,103.437024
48:29.8,103.299513,103.427647,103.477347,103.422829
48:34.1,103.341294,103.444496,103.446378,103.361409
48:39.7,103.341485,103.447593,103.4436,103.418968
48:44.6,103.320646,103.415475,103.462437,103.443266
48:49.0,103.289375,103.488419,103.458821,103.4669
48:54.4,103.288463,103.447864,103.444773,103.361298
48:59.7,103.254436,103.40176,103.412473,103.503966
49:04.7,103.296513,103.4442,103.358854,103.4655
49:09.7,103.31086,103.460964,103.44572,103.446621
49:14.8,103.297217,103.417408,103.420825,103.437941
49:19.8,103.332945,103.438053,103.452214,103.519207
49:24.6,103.273586,103.443636,103.473927,103.443043
49:29.0,103.353281,103.412305,103.435159,103.447421
49:34.1,103.283974,103.439538,103.463643,103.438162
49:39.9,103.27345,103.481047,103.458137,103.453127
49:44.7,103.298931,103.431078,103.479539,103.425853
49:49.1,103.330829,103.459439,103.426799,103.456644
49:55.0,103.334018,103.444724,103.440396,103.416287
50:00.0,103.270987,103.50169,103.439172,103.429133
50:04.7,103.322769,103.434078,103.456389,103.448243
50:10.0,103.307728,103.435882,103.439017,103.445227
50:14.5,103.337398,103.419303,103.443352,103.437764
50:19.9,103.290647,103.474935,103.46775,103.499036
50:24.7,103.35527,103.456386,103.464055,103.428622
50:30.0,103.310764,103.432334,103.389177,103.45302
50:34.6,103.330956,103.432127,103.42153,103.451403
50:39.2,103.228435,103.443756,103.441997,103.402862
50:44.5,103.314967,103.46578,103.406563,103.452886
50:49.3,103.29842,103.436797,103.444037,103.463733
50:55.0,103.316123,103.422365,103.434722,103.489504
50:59.2,103.329479,103.463399,103.398806,103.476934
51:04.9,103.303971,103.455402,103.376566,103.444034
51:10.0,103.312845,103.446987,103.428075,103.451783
51:14.7,103.285842,103.445434,103.451338,103.425576
51:19.6,103.344324,103.406292,103.436243,103.478927
51:24.1,103.314723,103.454345,103.422006,103.457316
51:29.7,103.232025,103.457576,103.425822,103.471687
51:34.7,103.283462,103.426398,103.460513,103.419938
51:39.9,103.304257,103.467364,103.435938,103.427076
51:44.8,103.260273,103.424093,103.484671,103.438539
51:49.7,103.312492,103.426816,103.439298,103.452
51:54.7,103.314296,103.458425,103.437593,103.443103
51:58.6,103.318117,103.453398,103.427627,103.415599
52:04.9,103.304473,103.376453,103.448193,103.45995
52:09.4,103.256913,103.440635,103.432229,103.446766
52:14.6,103.322425,103.432757,103.450067,103.412272
52:19.6,103.342888,103.431789,103.414087,103.434261
52:25.0,103.312483,103.457789,103.419788,103.473627
52:29.7,103.307261,103.435624,103.44663,103.467439
52:34.7,103.324822,103.463904,103.460204,103.448056
52:39.6,103.293483,103.469656,103.452186,103.450228
52:44.8,103.342897,103.407256,103.461799,103.487066
52:49.4,103.322162,103.525225,103.446756,103.432103
52:53.9,103.320667,103.462812,103.428693,103.449443
52:59.1,103.338906,103.442515,103.43706,103.482766
53:04.8,103.270569,103.444925,103.447407,103.48293
53:09.5,103.311252,103.422992,103.438534,103.458397
53:14.9,103.318701,103.467571,103.435795,103.497136
53:19.4,103.305106,103.468749,103.417774,103.470772
53:23.2,103.316879,103.46342,103.453221,103.459434
53:29.4,103.319547,103.462186,103.457592,103.458648
53:34.9,103.315543,103.450109,103.446114,103.454186
53:39.9,103.323842,103.439421,103.455971,103.444609
53:43.5,103.298309,103.438021,103.436394,103.448037
53:49.3,103.322698,103.422172,103.397551,103.430602
53:54.9,103.28898,103.485871,103.400166,103.492672
53:59.8,103.310722,103.387798,103.481881,103.480563
54:04.8,103.322698,103.454633,103.410628,103.469758
54:09.9,103.306869,103.436766,103.436872,103.440674
54:14.2,103.338999,103.429442,103.422203,103.501833
54:19.8,103.322162,103.416883,103.441732,103.375148
54:24.9,103.311924,103.413571,103.465385,103.430407
54:30.0,103.318474,103.426454,103.452608,103.457664
54:34.5,103.294096,103.461256,103.462841,103.459827
54:39.7,103.358278,103.471124,103.516542,103.447796
54:44.6,103.34254,103.44851,103.467152,103.491424
54:49.8,103.295163,103.511194,103.448705,103.450526
54:54.3,103.310911,103.476222,103.411948,103.449112
54:59.4,103.349242,103.43202,103.442369,103.44831
55:04.9,103.314196,103.415069,103.468207,103.467937
55:10.0,103.323176,103.391675,103.470359,103.426263
55:14.3,103.316149,103.465675,103.473809,103.407175
55:19.8,103.317818,103.460029,103.473526,103.411561
55:24.9,103.359162,103.459906,103.446204,103.450667
55:29.3,103.305736,103.43724,103.417608,103.427695
55:34.9,103.293344,103.431356,103.472845,103.419714
55:39.4,103.324937,103.431897,103.445293,103.440799
55:44.9,103.310608,103.461489,103.451357,103.458286
55:49.3,103.276831,103.447359,103.413058,103.450873
55:55.0,103.32892,103.476808,103.446778,103.467008
55:58.9,103.317447,103.44204,103.448169,103.454538
56:03.5,103.29144,103.441294,103.437195,103.440891
56:10.0,103.336575,,103.446645,103.493568
56:14.7,103.337865,103.451955,103.47471,103.469071
56:19.9,103.289778,103.383357,103.49637,103.455363
56:23.6,103.318174,103.451404,103.43262,103.47715
56:30.0,103.309863,103.452674,103.473249,103.513742
56:35.0,103.308181,103.477096,103.495666,103.45872
56:39.5,103.321274,103.502812,103.449342,103.484996
56:44.9,103.372171,103.424758,103.464703,103.519801
56:49.7,103.278431,103.413382,103.446544,103.45008
56:54.8,103.31493,103.459414,103.434795,103.437772
56:59.7,103.284998,103.43725,103.441894,103.482988
57:03.8,103.251762,103.466263,103.438576,103.452202
57:09.1,103.322315,103.442042,103.466646,103.468926
57:14.5,103.336961,103.440372,103.41143,103.453515
57:19.2,103.329942,103.494062,103.447569,103.403853
57:24.5,103.29414,103.458679,103.44245,103.487526
57:29.6,103.287164,103.478333,103.450228,103.46806
57:34.9,103.308501,103.414652,103.421452,103.462436
57:38.0,103.328613,103.447081,103.427177,103.469674
57:44.6,103.262648,103.494664,103.484221,103.458504
57:49.3,103.319113,103.488217,103.465102,103.398709
57:54.3,103.361927,103.443854,103.450343,103.471673
57:59.8,103.316936,103.46849,103.420865,103.504215
58:04.2,103.336028,103.493461,103.433275,103.445755
58:09.9,103.390275,103.40393,103.440112,103.489386
58:14.6,103.332857,103.420044,103.437563,103.459579
58:19.7,103.289025,103.448332,103.424795,103.47757
58:24.8,103.338137,103.432485,103.467335,103.452294
58:29.2,103.282455,103.44234,103.484038,103.487091
58:34.7,103.35898,103.468799,103.484424,103.466545
58:40.0,103.29458,103.407149,103.432068,103.480179
58:43.9,103.332292,103.447704,103.459995,103.465721
58:49.7,103.332853,103.463132,103.461883,103.438133
58:54.0,103.327901,103.458445,103.45198,103.449482
58:59.8,103.269946,103.450604,103.44805,103.397442
59:03.8,103.318394,103.431871,103.440487,103.483629
59:09.8,103.321588,103.377078,103.428418,103.479734
59:14.2,103.345129,103.43173,103.481371,103.486328
59:19.9,103.331838,103.453543,103.463884,103.510734
59:24.0,103.291935,103.445497,103.462256,103.373729
59:29.9,103.353013,103.354684,103.470903,103.46728
59:34.9,103.326871,103.445493,103.451313,103.503384
59:39.8,103.304205,103.391533,103.425828,103.445458
59:44.2,103.339735,103.47172,103.457618,103.443259
59:48.4,103.329702,103.43991,103.448229,103.455704
59:54.8,103.313319,103.507402,103.456795,103.452979
59:59.0,103.376875,103.486699,103.427752,103.505847
00:04.8,103.316326,103.480876,103.441361,103.416288
00:08.4,103.30549,103.427522,103.453433,103.477859
00:14.9,103.319456,103.452505,103.418442,103.45972
00:19.8,103.308311,103.475452,103.460548,103.473662
00:24.8,103.300646,103.461256,103.433669,103.450447
00:29.3,103.321695,103.435657,103.426315,103.471428
00:34.3,103.334763,103.446006,103.467925,103.50323
00:40.0,103.318856,103.3839,103.493585,103.482252
00:43.7,103.317876,103.444951,103.456252,103.470683
00:48.8,103.291588,103.44052,103.382172,103.441874
00:54.6,103.324241,103.447597,103.442765,103.43446
00:59.5,103.320077,103.427666,103.447065,103.465701
01:04.0,103.30969,103.413822,103.474673,103.453716
01:09.8,103.288216,103.474338,103.439019,103.461626
01:14.5,103.293375,103.475354,103.456119,103.44316
01:19.7,103.32046,103.42411,103.452121,103.512443
01:24.8,103.289928,103.404211,103.441555,103.458361
01:29.8,103.326852,103.458007,103.415835,103.529531
01:34.8,103.301426,103.412508,103.499963,103.462312
01:39.2,103.327866,103.437215,103.450277,103.403861
01:44.8,103.314357,103.434312,103.424891,103.438838
01:48.3,103.332507,103.453633,,103.437475
01:54.6,103.306308,103.442625,103.447232,103.461581
01:59.4,103.269471,103.414251,103.425046,103.459866
02:04.4,103.317305,103.461206,103.439269,103.411916
02:09.8,103.302124,103.441724,103.420576,103.412419
02:14.8,103.324005,103.416708,103.540796,103.522452
02:19.8,103.30817,103.439326,103.453347,103.468392
02:24.0,103.284536,103.404508,103.448556,103.468966
02:29.5,103.29548,103.464751,103.450161,103.494692
,,,,
02:39.9,103.312013,103.409839,103.43723,103.459829
02:43.8,103.319216,103.531211,103.484314,103.45898
02:49.9,103.398221,103.458816,103.448778,103.461212
02:54.3,103.32545,103.488052,103.452791,103.452631
02:59.9,103.33052,103.446817,103.452725,103.448013
03:04.7,103.307937,103.434974,103.455289,103.468782
03:09.8,103.340629,103.434116,103.459084,103.432132
03:14.8,103.30526,103.382042,103.429229,103.437953
03:19.8,103.306651,103.426291,103.461741,103.448268
03:23.3,103.30319,103.369876,103.447244,103.458456
03:29.1,103.416462,103.452816,103.436316,103.433911
03:34.9,103.299742,103.401678,103.419468,103.427417
03:38.4,103.361985,103.445517,103.48779,103.463174
03:44.8,103.317325,103.348572,103.43794,103.423151
03:49.5,103.319653,103.468908,103.453718,103.469966
03:54.6,103.303571,103.449083,103.466359,103.473657
03:59.7,103.314696,103.480662,103.46337,103.445675
04:04.6,103.296838,103.463762,103.451322,103.441315
04:09.8,103.322495,103.412941,103.44686,103.439713
04:14.8,103.300579,103.418955,103.479097,103.47677
04:19.6,103.315387,103.462088,103.425046,103.451001
04:24.8,103.287171,103.344282,103.472967,103.450913
04:30.0,103.294147,103.452389,103.44457,103.402438
04:35.0,103.297946,103.465279,103.448838,103.449882
04:39.0,103.301291,103.459947,103.471239,103.481116
04:44.9,103.323213,103.423459,103.380487,103.403122
04:49.3,103.287875,103.479244,103.462841,103.470118
04:54.2,103.325861,103.436739,103.519339,103.467085
04:59.5,103.345238,103.487498,103.429754,103.433818
05:04.1,103.300621,103.428776,103.452604,103.449638
05:09.6,103.289286,103.482403,103.434358,103.484702
05:14.2,103.331603,103.440731,103.464654,103.408966
05:19.7,103.332813,103.44143,103.499965,103.543783
05:24.4,103.311747,103.415839,103.452624,103.452299
05:27.9,103.303898,103.451787,103.427369,103.47227
05:33.2,103.26021,103.432707,103.501935,103.531337
05:39.8,103.329651,103.421328,103.458777,103.450379
05:44.1,103.297313,103.450106,103.426384,103.404064
05:49.8,103.312546,103.503651,103.468968,103.477043
05:54.9,103.280381,103.470079,103.466059,103.495761
05:59.9,103.27121,103.437746,103.45237,103.389404
06:04.6,103.328001,103.445581,103.39402,103.438142
06:08.4,103.296687,103.452474,103.452658,103.482019
06:14.5,103.293592,103.422024,103.443632,103.457293
06:18.8,103.317607,103.527835,103.500607,103.420001
06:25.0,103.233987,103.427165,103.4827,103.470474
06:29.4,103.293432,103.455285,103.449353,103.493971
06:34.9,103.299643,103.387223,103.467804,103.472824
06:39.9,103.332778,103.452216,103.455785,103.438536
06:44.2,103.296215,103.478313,103.474622,103.41685
06:49.9,103.313896,103.569847,103.444239,103.448795
06:54.5,103.321294,103.47984,103.452976,103.45852
07:00.0,103.299718,103.409929,103.49758,103.452432
07:04.3,103.33582,103.401086,103.468535,103.477125
07:09.9,103.362129,103.466367,103.450258,103.501785
07:14.8,103.311118,103.43154,103.459476,103.460052
07:20.0,103.243129,103.475416,103.485576,103.422859
07:24.9,103.325527,103.456207,103.455387,103.468556
07:28.8,103.323394,103.437091,103.447194,103.422877
07:34.4,103.321777,103.470908,103.422369,103.453647
07:39.9,103.326834,103.487091,103.427605,103.458678
07:43.8,103.273573,103.456202,103.457834,103.443801
07:49.7,103.366203,103.438792,103.449405,103.464294
07:55.0,103.274412,103.458147,103.458333,103.469275
07:59.9,103.325775,103.443764,103.501047,103.534856
08:04.2,103.290497,103.533945,103.448132,103.424089
08:09.2,103.318152,103.45159,103.477332,103.436499
08:14.8,103.345037,103.407101,103.488777,103.438262
08:19.5,103.307674,103.455267,103.470957,103.467191
08:24.8,103.32967,103.457328,103.459289,103.467068
08:29.6,103.326235,103.481468,103.469261,103.49591
08:34.9,103.321272,103.394788,103.498395,103.481662
08:39.6,103.323933,103.464407,103.461891,103.414756
08:44.7,103.323024,103.453471,103.452748,103.443561
08:49.6,103.2966,103.455969,103.450675,103.491289
08:54.1,103.40264,103.470977,103.493961,103.481173
08:59.6,103.306195,103.463774,103.450236,103.4629
09:05.0,103.32222,103.433912,103.444264,103.468202
09:09.8,103.311843,103.452554,103.445724,103.42577
09:14.6,103.288085,103.45597,103.469114,103.464579
09:19.2,103.310638,103.462554,103.391928,103.511146
09:24.8,103.308545,103.44044,103.463724,103.447384
09:29.7,103.323321,103.46771,103.416293,103.443344
09:34.5,103.333921,103.451401,103.415136,103.37272
09:39.8,103.325052,103.442916,103.443401,103.479044
09:44.8,103.368728,103.446611,103.450134,103.468671
09:49.3,103.336479,103.448121,103.383966,103.480034
09:54.9,103.309114,103.422349,103.432161,103.439843
09:59.9,103.343028,103.466937,103.46112,103.558893
10:04.8,103.316507,103.491067,103.424208,103.508654
10:09.9,103.299675,103.446017,103.47702,103.441856
10:15.0,103.312012,103.471485,103.530765,103.445391
10:18.9,103.289493,103.479195,103.458265,103.491855
10:24.6,103.341408,103.450649,103.450485,103.536144
10:29.9,103.349913,103.501477,103.470902,103.521964
10:34.8,103.307708,103.464138,103.457785,103.465576
10:40.0,103.321346,103.389242,103.4667,103.45217
10:43.8,103.319871,103.449753,103.451462,103.454255
10:49.4,103.321142,103.439648,103.447224,103.468452
10:53.9,103.322731,103.454267,103.463047,103.444443
11:00.0,103.339576,103.417188,103.445864,103.478678
11:04.9,103.332422,103.465624,103.458483,103.437853
11:09.6,103.289532,103.405861,103.474175,103.494296
11:14.9,103.29042,103.467944,103.47143,103.451498
11:19.8,103.316624,103.470637,103.497485,103.442167
11:24.2,103.30612,103.429755,103.450803,103.469012
11:29.9,103.340013,103.444754,103.466459,103.468161
11:34.6,103.336911,103.405379,103.44754,103.468283
11:40.0,103.323207,103.453949,103.45927,103.458367
11:42.0,103.335906,103.462926,103.434841,103.444976
11:49.8,103.28377,103.452934,103.503994,103.446829
11:55.0,103.279341,103.43425,103.440907,103.465574
11:59.9,103.284759,103.441701,103.522525,103.434201
12:04.8,103.28025,103.45668,103.473995,103.419913
12:09.8,103.278385,103.434183,103.431423,103.458525
12:14.2,103.342307,103.442269,103.404591,103.499501
12:19.6,103.31652,103.432634,103.469499,103.466099
12:24.7,103.296147,103.413439,103.431322,103.419313
12:29.9,103.30176,103.433665,103.490208,103.431297
12:34.7,103.313148,103.485747,103.451324,103.469545
12:38.9,103.305381,103.462233,103.465241,103.477292
12:44.4,103.322444,103.451435,103.462962,103.434718
12:50.0,103.3511,103.416605,103.451873,103.464685
12:54.8,103.315524,103.453429,103.46246,103.443912
12:59.5,103.340853,103.431727,103.450687,103.427492
13:05.0,103.320587,103.37696,103.416287,103.481883
13:09.2,103.279922,103.403923,103.484879,103.461956
13:14.9,103.318866,103.451398,103.433743,103.450638
13:19.6,103.363344,103.46897,103.467026,103.460698
13:24.8,103.339962,103.463487,103.487115,103.494596
13:29.7,103.324802,103.408262,103.454555,103.492477
13:34.6,103.316585,103.463541,103.429768,103.436348
13:39.7,103.322385,103.501864,103.461062,103.517911
13:44.7,103.31906,103.505712,103.456797,103.425676
13:49.7,103.326991,103.470858,103.441625,103.502734
13:54.9,103.289538,103.425351,103.416744,103.463756
14:00.0,103.327209,103.504063,103.437184,103.469844
14:04.5,103.265864,103.450628,103.47624,103.449083
14:10.0,103.375188,103.441935,103.437286,103.478069
14:14.7,103.320282,103.448506,103.497039,103.487652
14:19.1,103.328703,103.428037,103.451481,103.492712
14:24.9,103.294359,103.482633,103.451382,103.461632
14:29.9,103.320959,103.462055,103.458688,103.456737
14:34.9,103.329238,103.409519,103.446605,103.42452
14:38.9,103.300283,103.495922,103.408259,103.371454
14:44.9,103.331837,103.45353,103.448858,103.468502
14:49.1,103.268155,103.453153,103.459702,103.528862
14:54.9,103.316896,103.41398,103.429391,103.421075
14:59.0,103.305319,103.411772,103.435533,103.471857
15:04.5,103.290531,103.494491,103.375193,103.453135
15:09.8,103.23686,103.466269,103.435769,103.459958
15:14.8,103.329755,103.451504,103.447254,103.45625
15:19.4,103.247668,103.479387,103.46259,103.48851
15:24.3,103.309927,103.460039,103.45877,103.460045
15:29.0,103.270788,103.43187,103.463642,103.475649
15:34.2,103.300262,103.434196,103.440408,103.476209
15:39.6,103.305479,103.422909,103.438585,103.424038
15:44.3,103.318249,103.417306,103.47037,103.438079
15:50.0,103.319359,103.43482,103.398554,103.460449
15:54.9,103.342362,103.363463,103.494321,103.463338
15:59.6,103.31652,103.448537,103.440172,103.440299
16:05.0,103.327696,103.441731,103.447293,103.465813
16:09.9,103.293837,103.435743,103.464105,103.448292
16:14.9,103.333772,103.426051,103.476639,103.434932
16:19.2,103.300154,103.45369,103.511094,103.50081
16:24.8,103.306439,103.444927,103.420508,103.425952
16:26.7,103.311637,103.427687,103.458106,103.494102
16:34.7,103.313779,103.441092,103.461989,103.47165
16:39.8,103.282634,103.447217,103.454815,103.442192
16:44.4,103.336727,103.405546,103.430862,103.446929
16:49.2,103.33144,103.440442,103.453282,103.431531
16:52.2,103.275414,103.456931,103.462019,103.47488
16:59.6,103.313546,103.473828,103.454733,103.442934
17:04.5,103.303168,103.403603,103.494648,103.456846
17:09.5,103.290787,103.444818,103.440929,103.445498
17:13.9,103.308694,103.459862,103.444384,103.44728
17:19.4,103.339068,103.423824,103.427392,103.464253
17:24.9,103.265507,103.399263,103.464008,103.443086
17:29.5,103.290208,103.449812,103.434663,103.455311
17:34.7,103.238038,103.47184,103.452335,103.473638
17:39.4,103.313876,103.460616,103.490858,103.46886
17:44.7,103.314362,103.415153,103.441636,103.452979
17:48.5,103.303031,103.449417,103.45376,103.46773
17:54.2,103.301959,103.44125,103.436814,103.440076
17:59.6,103.302373,103.47944,103.479357,103.470584
18:04.8,103.316132,103.449305,103.45679,103.442334
18:10.0,103.287413,103.502428,103.411654,103.442016
18:14.9,103.304957,103.443317,103.443886,103.458224
18:19.3,103.29845,103.444309,103.406297,103.402475
18:24.6,103.270999,103.448588,103.439452,103.452285
18:29.8,103.319721,103.485243,103.464883,103.470793
18:34.1,103.317173,103.459591,103.447609,103.461328
18:39.8,103.264317,103.454228,103.424254,103.416554
18:44.7,103.312285,103.438899,103.408416,103.419953
18:48.6,103.303581,103.402404,103.448568,103.55657
18:55.0,103.195836,103.487588,103.447657,103.504189
18:59.4,103.3089,103.406249,103.35377,103.40132
19:05.0,103.346056,103.450614,103.431068,103.439444
19:09.9,103.279152,103.484174,103.398974,103.448191
19:15.0,103.287029,103.418708,103.45107,103.44703
19:19.3,103.365984,103.459572,103.440553,103.45374
19:24.9,103.327738,103.460854,103.453147,103.472675
19:29.5,103.312937,103.458087,103.466498,103.481856
19:34.9,103.342024,103.454609,103.455668,103.453654
19:38.9,103.281871,103.479834,103.458464,103.441653
19:43.9,103.408763,103.422193,103.455593,103.418477
19:49.9,103.294239,103.465102,103.404576,103.450265
19:54.8,103.336981,103.405141,103.474774,103.451396
19:59.7,103.318009,103.46061,103.45448,103.4736
20:04.6,103.315514,103.48387,103.451794,103.447635
20:09.4,103.355478,103.435828,103.455079,103.427458
20:14.7,103.325806,103.458642,103.444795,103.435558
20:19.8,103.275885,103.447069,103.47771,103.447635
20:24.1,103.322199,103.484167,103.442759,103.417913
20:29.5,103.299736,103.449233,103.467977,103.453774
20:35.0,103.367978,103.459584,103.439845,103.464999
20:39.5,103.307981,103.428665,103.444771,103.447094
20:44.9,103.336961,103.443204,103.454935,103.451784
20:49.6,103.307297,103.499343,103.436386,103.403882
20:54.3,103.319532,103.33536,103.44785,103.450491
20:59.6,103.304636,103.478041,103.456854,103.438155
21:03.9,103.318603,103.463763,103.416732,103.476547
21:09.8,103.314872,103.477423,103.45085,103.460864
21:14.9,103.299531,103.436472,103.473656,103.444961
21:18.6,103.271874,103.490065,103.467724,103.449504
21:25.0,103.308614,103.482198,103.463358,103.465938
21:29.2,103.284101,103.441098,103.448049,103.458284
21:34.8,103.355297,103.434189,103.506171,103.493705
21:39.2,103.276789,103.451705,103.46331,103.449927
21:45.0,103.314275,103.49537,103.453861,103.467748
21:49.7,103.304324,103.446955,103.456939,103.454971
21:54.6,103.332478,103.477615,103.489689,103.534737
21:59.9,103.33057,103.449059,103.452824,103.488153
22:04.9,103.307631,103.449,103.426567,103.481358
22:09.5,103.261673,103.443302,103.438973,103.478544
22:14.9,103.357286,103.492549,103.420552,103.507784
22:19.1,103.325017,103.458775,103.425727,103.463283
22:24.1,103.250188,103.470734,103.523447,103.465931
22:29.3,103.319519,103.435239,103.476453,103.456503
22:34.6,103.331925,103.401252,103.488857,103.467987
22:39.3,103.339479,103.460024,103.471545,103.458807
22:44.9,103.282229,103.433392,103.553274,103.497747
22:49.7,103.376558,103.447897,103.428015,103.460948
22:53.2,103.31356,103.442811,103.403109,103.486727
22:58.6,103.343427,103.459279,103.407712,103.456771
23:04.2,103.311844,103.465408,103.449373,103.49451
23:10.0,103.331119,103.46425,103.469971,103.467196
23:14.4,103.325852,103.466144,103.464794,103.409612
23:19.0,103.298147,103.437477,103.456501,103.493028
23:24.5,103.295247,103.432946,103.481843,103.470109
23:29.2,103.31954,103.468817,103.502312,103.479275
23:35.0,103.321072,103.45952,103.503522,103.485363
23:40.0,103.350398,103.466997,103.445577,103.503048
23:43.7,103.331841,103.441601,103.45932,103.521434
23:49.4,103.342244,103.474554,103.462498,103.400276
23:54.9,103.277115,103.469391,103.421117,103.502513
24:00.0,103.343999,103.468814,103.409475,103.446206
24:04.5,103.335802,103.414401,103.445349,103.500056
24:09.8,103.321749,103.533339,103.463673,103.521957
24:14.9,103.317631,103.469011,103.42949,103.47061
24:19.8,103.314404,103.455171,103.492551,103.477104
24:24.6,103.336399,103.531491,103.464146,103.508912
24:29.8,103.268222,103.411053,103.449271,103.47514
24:34.9,103.350708,103.454172,103.428045,103.442472
,,,,
24:44.6,103.280818,103.484405,103.452008,103.471488
24:50.0,103.308711,103.438858,103.447278,103.457951
24:54.2,103.318031,103.412835,103.32523,103.447504
24:58.6,103.309976,103.474807,103.432286,103.400486
25:04.7,103.316527,103.430505,103.495773,103.490788
25:09.9,103.320133,103.464745,103.45059,103.483059
25:14.9,103.260125,103.491084,103.457594,103.456772
25:19.6,103.330688,103.431366,103.495647,103.444743
25:25.0,103.339797,103.43826,103.48024,103.461286
25:29.9,103.354524,103.459641,103.495087,103.485425
25:34.9,103.356008,103.466474,103.464247,103.491117
25:40.0,103.313643,103.471018,103.574418,103.468563
25:44.2,103.338127,103.472026,103.488948,103.475108
25:49.4,103.344682,103.483304,103.536172,103.455395
25:54.6,103.383154,103.456909,103.476521,103.468019
25:59.9,103.316805,103.451701,103.459129,103.490714
26:04.7,103.335341,103.427459,103.478765,103.463176
26:09.3,103.304169,103.479392,103.483977,103.459423
26:14.3,103.350866,103.454106,103.422235,103.39724
26:20.0,103.28212,103.448616,103.383717,103.459446
26:24.8,103.330591,103.50033,103.469887,103.427533
26:30.0,103.306425,103.482309,103.434619,103.40121
26:34.7,103.32361,103.476561,103.450557,103.493944
26:39.6,103.335813,103.592064,103.454966,103.488197
26:45.0,103.344373,103.455818,103.483141,103.500118
26:49.5,103.330336,103.470906,103.521092,103.471013
26:54.9,103.339243,103.520619,103.429898,103.446183
26:59.8,103.3228,103.491075,103.465536,103.47136
27:05.0,103.338039,103.475026,103.449226,103.480793
27:09.8,103.332153,103.464396,103.447865,103.514753
27:14.8,103.320333,103.477625,103.453151,103.480989
27:19.0,103.368687,103.444698,103.446889,103.480617
27:24.5,103.33503,103.496651,103.479539,103.467783
27:29.9,103.363881,103.47104,103.458288,103.499393
27:34.7,103.358152,103.457422,103.461848,103.503142
27:39.4,103.37421,103.467487,103.508786,103.47964
27:44.5,103.283295,103.467137,103.484786,103.479078
27:49.4,103.34098,103.517669,103.444132,103.468972
27:54.9,103.301575,103.436644,103.499934,103.44338
28:00.0,103.25445,103.491168,103.46331,103.504538
28:04.4,103.373735,103.460721,103.477158,103.494844
28:09.7,103.355792,103.47032,103.46746,103.485857
28:14.9,103.27674,103.474288,103.416827,103.481892
28:19.1,103.357779,103.440314,103.470662,103.459946
28:24.8,103.320184,103.454078,103.474188,103.483381
28:29.6,103.341263,103.474338,103.467843,103.457138
28:34.4,103.335434,103.469636,103.423658,103.447133
28:39.9,103.343429,103.469307,103.462475,103.494058
28:44.5,103.379626,103.472713,103.436347,103.489009
28:50.0,103.328838,103.473303,103.460543,103.51069
28:54.4,103.278643,103.489861,103.473974,103.41201
28:59.3,103.330203,103.480407,103.419852,103.479013
29:04.6,103.333335,103.469634,103.473196,103.49023
29:09.8,103.444745,103.469201,103.506568,103.452216
29:13.3,103.321855,103.510678,103.542647,103.492661
29:19.5,103.323581,103.431356,103.464066,103.432565
29:24.6,103.332695,103.529244,103.457364,103.510006
29:29.9,103.360748,103.497351,103.438206,103.433493
29:34.8,103.327204,103.471719,103.469714,103.470094
29:39.8,103.330326,103.483354,103.494963,103.477052
29:44.7,103.371797,103.476232,103.459021,103.449066
29:49.5,103.317071,103.499858,103.447052,103.455626
29:54.9,103.421389,103.464384,103.473581,103.49898
29:59.6,103.321801,103.409196,103.477078,103.40206
30:04.6,103.328006,103.486238,103.407741,103.465289
30:09.9,103.326869,103.415463,103.473078,103.481328
30:14.8,103.32432,103.479386,103.57545,103.470838
30:19.9,103.322563,103.478265,103.4734,103.458816
30:24.5,103.318405,103.473467,103.505357,103.477854
30:30.0,103.300187,103.49214,103.464726,103.469046
30:34.9,103.358867,103.480056,103.515051,103.465112
30:39.4,103.314041,103.432364,103.438086,103.489831
30:42.7,103.299558,103.465697,103.469058,103.508757
30:49.9,103.308196,103.466601,103.459511,103.468646
30:54.9,103.328866,103.481319,103.443052,103.490607
30:59.8,103.337896,103.482347,103.445194,103.465109
31:04.6,103.329623,103.484721,103.490956,103.462247
31:08.6,103.356157,103.438569,103.456267,103.432055
31:14.7,103.33829,103.465949,103.481808,103.49615
31:19.6,103.308566,103.465662,103.453473,103.426012
31:23.5,103.331746,103.490891,103.510249,103.390545
31:29.0,103.339772,103.471742,103.368169,103.436768
31:34.6,103.320574,103.46973,103.490055,103.439054
31:39.7,103.332013,103.44676,103.500553,103.470332
31:45.0,103.312654,103.4508,103.510861,103.47145
31:49.4,103.342615,103.459531,103.47045,103.468992
31:54.7,103.339247,103.457136,103.511282,103.477531
31:59.9,103.337877,103.452771,103.460559,103.461551
32:04.5,103.324768,103.449483,103.424318,103.485772
32:09.9,103.339824,103.488773,103.508152,103.468234
32:15.0,103.329613,103.426645,103.444384,103.464895
32:19.9,103.254618,103.459405,103.473793,103.493472
32:24.8,103.331541,103.473166,103.522159,103.462288
32:29.9,103.323557,103.441102,103.454308,103.47572
32:34.1,103.36372,103.51503,103.464319,103.481673
32:39.7,103.321974,103.482901,103.473748,103.474338
32:44.1,103.301222,103.425993,103.477626,103.493057
32:49.9,103.359057,103.46274,103.469237,103.564758
32:53.6,103.377156,103.472904,103.450846,
32:58.3,103.340417,103.485807,103.494578,103.403798
33:04.7,103.335131,103.494488,103.475054,103.48609
33:09.9,103.309867,103.492169,103.452774,103.516869
33:14.5,103.356132,103.45041,103.429988,103.488011
33:19.9,103.340944,103.474389,103.439882,103.440535
33:23.4,103.295494,103.475092,103.474991,103.452502
33:29.8,103.342903,103.424343,103.477278,103.472563
33:34.6,103.332666,103.435141,103.486327,103.488909
33:39.5,103.33002,103.489178,103.441363,103.50814
33:45.0,103.349335,103.475911,103.518821,103.468958
33:49.3,103.33062,103.502895,103.442366,103.467887
33:55.0,103.369199,103.479067,103.492586,103.476998
33:59.7,103.319725,103.4765,103.438187,103.458145
34:04.5,103.339168,103.479403,103.477458,103.536393
34:09.8,103.335376,103.46137,103.484399,103.469217
34:14.5,103.306732,103.398435,103.47548,103.516217
34:19.2,103.32508,103.472473,103.478466,103.480931
34:24.8,103.3556,103.543222,103.50239,103.512656
34:29.8,103.342162,103.434247,103.474154,103.408294
34:34.7,103.348713,103.480705,103.520156,103.427965
34:39.3,103.26409,103.488227,103.453325,103.446042
34:43.7,103.389582,103.479959,103.452857,103.469191
34:49.4,103.351949,103.485111,103.430277,103.470941
34:54.9,103.36834,103.484876,103.45444,103.487892
35:00.0,103.332708,103.479749,103.465232,103.462197
35:05.0,103.354572,103.473696,103.479495,103.495957
35:09.8,103.358147,103.493146,103.503088,103.485616
35:14.5,103.344065,103.507091,103.491164,103.487587
35:19.9,103.327567,103.479695,103.472831,103.44991
35:24.8,103.255795,103.48052,103.466519,103.481999
35:29.2,103.347245,103.409067,103.430582,103.509925
35:34.5,103.432988,103.444862,103.466255,103.462968
35:39.1,103.367732,103.489611,103.492117,103.486088
35:44.9,103.360305,103.47605,103.477213,103.507693
35:48.5,103.316809,103.453187,103.459302,103.46578
35:54.2,103.360588,103.540908,103.435292,103.469629
35:59.2,103.330757,103.425874,103.456066,103.474556
36:04.5,103.343854,103.496687,103.51544,103.42683
36:09.9,103.329582,103.478468,103.486697,103.48936
36:14.9,103.391538,103.494651,103.45829,103.495661
36:19.9,103.336218,103.486096,103.482447,103.477265
36:24.7,103.354237,103.479329,103.48996,103.534375
36:29.7,103.323071,103.502286,103.492813,103.478571
36:34.3,103.344133,103.497593,103.493852,103.480894
36:40.0,103.355111,103.512283,103.452918,103.491408
36:44.9,103.270044,103.523834,103.528203,103.486918
36:49.4,103.371779,103.415211,103.542021,103.48081
36:54.8,103.32194,103.47518,103.497765,103.482893
36:59.6,103.370439,103.450907,103.457321,103.495269
37:04.8,103.365039,103.480862,103.441126,103.47445
37:09.7,103.347912,103.525588,103.557866,103.482579
37:14.6,103.346054,103.486782,103.467592,103.468295
37:19.6,103.371071,103.480238,103.487945,103.460287
37:24.1,103.320179,103.518041,103.500396,103.477826
37:29.5,103.362496,103.527352,103.505639,103.501678
37:34.7,103.349173,103.478841,103.477207,103.501883
37:39.9,103.310298,103.546701,103.4722,103.48234
37:44.3,103.3461,103.447556,103.476855,103.499778
37:49.7,103.364533,103.451853,103.478262,103.47218
37:54.8,103.324943,103.446968,103.472007,103.511351
37:59.8,103.372724,103.426686,103.497129,103.503817
38:05.0,103.356185,103.493631,103.451195,103.478073
38:08.7,103.331696,103.456161,103.483263,103.480338
38:14.8,103.328607,103.4663,103.474424,103.472418
38:18.9,103.330008,103.525333,103.47606,103.504806
38:24.9,103.347224,103.499745,103.484625,103.492378
38:30.0,103.327324,103.509695,103.479821,103.492683
38:34.6,103.333546,103.523551,103.40602,103.393579
38:37.4,103.328256,103.553016,103.484097,103.470066
38:45.0,103.356616,103.477335,103.510823,103.47877
38:48.8,103.306607,103.469921,103.529747,103.470147
38:54.4,103.323447,103.472237,103.473649,103.487268
38:59.5,103.387857,103.521022,103.502203,103.497878
39:05.0,103.340993,103.474084,103.477958,103.528569
39:10.0,103.3455,103.431814,103.476333,103.500014
39:14.9,103.322427,103.438142,103.459524,103.427693
39:20.0,103.306025,103.47285,103.500941,103.466516
39:24.8,103.345919,103.468191,103.486465,103.492745
39:29.2,103.311595,103.481431,103.491293,103.44451
39:34.5,103.391186,103.477131,103.518273,103.500185
39:39.2,103.332079,103.465107,103.419598,103.554707
39:44.9,103.362269,103.489791,103.512019,103.498271
39:49.0,103.346153,103.468064,103.554152,103.471335
39:55.0,103.363335,103.50957,103.474464,103.486867
39:59.5,103.303964,103.487079,103.487433,103.487472
40:04.8,103.344657,103.477078,103.459221,103.503418
40:09.7,103.328544,103.492624,103.467324,103.589202
40:15.0,103.363846,103.467953,103.472105,103.466995
40:17.9,103.341431,103.479616,103.406364,103.466766
40:23.1,103.382175,103.504404,103.483721,103.468221
40:29.8,103.360323,103.515201,103.472655,103.509808
40:34.2,103.351368,103.492317,103.46346,103.414298
40:39.7,103.303886,103.503153,103.472975,103.476924
40:44.8,103.361042,103.471567,103.47007,103.536255
40:49.6,103.39229,103.465539,103.47452,103.500468
40:54.2,103.361814,103.489543,103.47592,103.488297
40:59.8,103.360437,103.47018,103.481973,103.499731
41:04.0,103.285555,103.492431,103.463621,103.510121
41:09.9,103.355993,103.468004,103.428206,103.472027
41:14.8,103.388262,103.474283,103.451112,103.487926
41:19.4,103.343475,103.47222,103.478357,103.477407
41:24.8,103.301085,103.459808,103.482409,103.486236
41:29.4,103.339452,103.504388,103.541499,103.36568
41:34.8,103.282382,103.472717,103.374105,103.519068
41:39.4,103.385017,103.466837,103.482515,103.504906
41:43.9,103.336177,103.46003,103.409309,103.493493
41:49.9,103.352383,103.469099,103.477833,103.491856
41:54.2,103.333586,103.472899,103.481782,103.424109
41:59.5,103.322786,103.472591,103.486476,103.445562
42:05.0,103.37295,103.492689,103.467203,103.47171
42:09.8,103.346188,103.482859,103.515755,103.479676
42:14.3,103.239733,103.474413,103.462743,103.490856
42:20.0,103.348123,103.439276,103.466512,103.472664
42:24.9,103.323773,103.528191,103.446114,103.467338
42:29.9,103.330405,103.483339,103.464329,103.466732
42:34.3,103.342493,103.495383,103.420943,103.471846
42:39.7,103.349752,103.485634,103.458452,103.487403
42:43.6,103.326469,103.42922,103.456779,103.478707
42:49.8,103.433432,103.460074,103.435212,103.46906
42:54.8,103.287906,103.471553,103.464251,103.469805
42:58.9,103.332284,103.529493,103.489698,103.476847
43:04.7,103.362573,103.465465,103.444254,103.464757
43:09.5,103.314209,103.459466,103.377423,103.490243
43:14.7,103.313091,103.452645,103.497167,103.533707
43:19.8,103.355651,103.460918,103.488401,103.416295
43:24.4,103.350098,103.497756,103.477472,103.481039
43:30.0,103.306534,103.429715,103.445138,103.454219
43:34.1,103.333929,103.472154,103.480706,103.48841
43:38.9,103.326921,103.475841,103.461023,103.490319
43:44.8,103.390854,103.480207,103.449098,103.510662
43:49.6,103.398835,103.458104,103.482769,103.41503
43:55.0,103.335085,103.461282,103.46395,103.502276
43:59.8,103.34741,103.456232,103.452842,103.504069
44:04.9,103.289632,103.460259,103.41166,103.429717
44:09.0,103.330653,103.448482,103.450728,103.490728
44:14.7,103.364007,103.42408,103.455576,103.481236
44:19.3,103.360394,103.482751,103.475334,103.487426
44:25.0,103.336133,103.449625,103.492506,103.49641
44:29.3,103.344968,103.489337,103.486671,103.465519
44:34.6,103.340689,103.406552,103.530181,103.489883
44:39.1,103.320513,103.507986,103.458785,103.436158
44:44.7,103.347274,103.474435,103.429393,103.427613
44:49.3,103.322182,103.453585,103.469592,103.448105
44:54.9,103.328294,103.478789,103.507362,103.496157
44:58.3,103.338676,103.476448,103.524901,103.497799
45:03.7,103.346519,103.456707,103.492093,103.456286
45:07.9,103.355237,103.462954,103.488523,103.491987
45:14.5,103.42059,103.469227,103.474009,103.481102
45:18.1,103.299288,103.470641,103.466514,103.484146
45:24.6,103.352226,103.477891,103.501842,103.479859
45:29.9,103.382429,103.473149,103.454142,103.463616
45:34.8,103.317371,103.489333,103.488675,103.460293
45:40.0,103.321956,103.490917,103.449517,103.463824
45:44.1,103.32813,103.480481,103.4727,103.49257
45:48.8,103.315817,103.481495,103.4512,103.489143
45:53.7,103.365134,103.468647,103.485989,103.480583
45:59.9,103.353087,103.466459,103.474657,103.48083
46:04.6,103.343914,103.476094,103.496925,103.509654
46:09.5,103.305116,103.504806,103.498649,103.525631
46:14.8,103.327597,103.487565,103.480573,103.470003
46:19.6,103.322879,103.412841,103.479044,103.506808
46:25.0,103.340221,103.462528,103.471748,103.494112
46:29.2,103.377607,103.457068,103.460181,103.459185
46:34.7,103.338979,103.481166,103.516596,103.488981
46:39.9,103.316991,103.519978,103.46778,103.499703
46:44.8,103.354433,103.476563,103.464025,103.524541
46:49.9,103.335939,103.46066,103.443212,103.46608
46:54.1,103.320937,103.461058,103.457762,103.519363
46:59.8,103.382882,103.49668,103.476783,103.513447
47:04.6,103.401306,103.482198,103.47547,103.504519
47:09.9,103.322105,103.485913,103.529737,103.492009
47:13.7,103.339857,103.47865,103.473058,103.49862
47:19.6,103.303989,103.47787,103.462394,103.502856
47:23.8,103.348646,103.485391,103.454498,103.489733
47:29.9,103.329067,103.466239,103.481682,103.480479
47:34.8,103.34733,103.540023,103.428939,103.493072
47:40.0,103.393044,103.486263,103.496629,103.489681
47:41.4,103.314711,103.482105,103.468521,103.495342
47:47.7,103.324872,103.484753,103.443765,103.523824
47:55.0,103.360441,103.446755,103.45528,103.482318
47:59.9,103.289821,103.477923,103.440536,103.483967
48:05.0,103.345954,103.46341,103.476322,103.4407
48:09.7,103.370469,103.545443,103.519407,103.497205
48:14.9,103.355079,103.460997,103.498493,103.487441
48:18.4,103.294763,103.470678,103.459144,103.495172
,,,,
48:29.2,103.309136,103.46804,103.424616,103.465289
48:34.8,103.349707,103.488455,103.448152,103.512176
48:39.1,103.335604,103.465312,103.487094,103.489776
48:44.7,103.355693,103.490463,103.51209,103.456118
48:49.6,103.322999,103.476903,103.499379,103.473938
48:54.8,103.279309,103.488643,103.44878,103.484255
49:00.0,103.331439,103.478096,103.443374,103.490094
49:04.9,103.319756,103.4856,103.513977,103.491894
49:10.0,103.328855,103.479562,103.511211,103.475728
49:14.9,103.301859,103.448074,103.400254,103.568791
49:18.9,103.356675,103.461362,103.477877,103.519999
49:23.7,103.41008,103.453017,103.529535,103.552845
49:29.8,103.330573,103.487099,103.462953,103.493405
49:34.6,103.345955,103.518097,103.491589,103.508761
49:39.7,103.333094,103.489665,103.503707,103.486931
49:45.0,103.295147,103.502694,103.493733,103.494548
49:49.7,103.315723,103.462454,103.499122,103.506324
49:54.9,103.328722,103.487506,103.480357,103.512422
49:59.3,103.32836,103.552998,103.488054,103.494375
50:04.8,103.35285,103.52814,103.488044,103.49171
50:09.4,103.354042,103.467533,103.494411,103.490166
50:15.0,103.317343,103.500817,103.493342,103.497588
50:19.5,103.351022,103.507737,103.494174,103.484175
50:24.4,103.357345,103.471745,103.484132,103.495244
50:29.9,103.387459,103.505917,103.455419,103.47147
50:34.8,103.33873,103.490151,103.467358,103.541174
50:39.5,103.354878,103.476684,103.513166,103.496197
50:44.8,103.327226,103.494853,103.499316,103.484846
50:49.8,103.355561,103.510606,103.468332,103.48203
50:54.7,103.351868,103.502483,103.461208,103.476217
50:59.6,103.372474,103.522715,103.456413,103.521408
51:04.6,103.344699,103.440704,103.59572,103.511371
51:10.0,103.359416,103.477221,103.489247,103.48646
51:14.0,103.378665,103.48162,103.500897,103.503544
51:18.5,103.340713,103.471572,103.507987,103.505498
51:24.2,103.37831,103.48846,103.503986,103.509887
51:29.5,103.355035,103.484935,103.478836,103.502554
51:35.0,103.378162,103.504855,103.540646,103.449458
51:39.8,103.353582,103.495538,103.499528,103.512651
51:44.8,103.366423,103.50003,103.521949,103.50141
51:49.6,103.355617,103.506981,103.498647,103.564309
51:54.1,103.3693,103.458033,103.515714,103.499094
51:59.7,103.369929,103.516619,103.484556,103.494017
52:04.8,103.345536,103.496615,103.495443,103.551216
52:09.9,103.353334,103.433489,103.502613,103.493038
52:14.8,103.351494,103.49729,103.508696,103.480176
52:20.0,103.360514,103.484013,103.501785,103.538432
52:24.6,103.358705,103.532633,103.514839,103.498996
52:29.7,103.306968,103.507666,103.509926,103.514312
52:34.7,103.478437,103.490731,103.516906,103.486734
52:39.9,103.385568,103.42151,103.51234,103.574261
52:44.2,103.371987,103.502652,103.489419,103.496246
52:49.2,103.352201,103.451087,103.487239,103.566737
52:53.9,103.35794,103.514035,103.446821,103.493637
52:56.8,103.38868,103.503673,103.456479,103.511972
53:04.8,103.382033,103.500468,103.433972,103.516191
53:09.0,103.353978,103.481605,103.500723,103.489882
53:14.9,103.347623,103.607556,103.481126,103.480406
53:19.9,103.365721,103.503866,103.513452,103.512242
53:23.1,103.350938,103.477479,103.463113,103.536411
53:29.0,103.350675,103.494119,103.47307,103.474875
53:34.9,103.380674,103.507217,103.505922,103.501127
53:39.1,103.388468,103.487711,103.492805,103.434708
53:45.0,103.372442,103.499072,103.517903,103.474962
53:50.0,103.377855,103.493432,103.438894,103.513844
53:54.4,103.343964,103.518964,103.508796,103.511053
53:57.1,103.357209,103.498952,103.505963,103.530094
54:04.9,103.443241,103.464308,103.505564,103.531924
54:09.8,103.331772,103.495168,103.509553,103.49672
54:13.9,103.33679,103.502158,103.491018,103.48866
54:19.8,103.36971,103.509592,103.518242,103.606759
54:24.6,103.336821,103.487144,103.49491,103.49814
54:29.6,103.367345,103.495159,103.497935,103.4863
54:34.3,103.347289,103.47098,103.504538,103.464993
54:39.8,103.390283,103.480623,103.457565,103.496368
54:44.8,103.360493,103.514062,103.529341,103.456004
54:49.7,103.378504,103.491937,103.512504,103.499385
54:54.8,103.374988,103.500734,103.494028,103.4905
54:58.1,103.359343,103.500548,103.481496,103.515375
55:04.9,103.361986,103.497551,103.469485,103.566951
55:09.7,103.333172,103.476575,103.527827,103.435292
55:14.0,103.360772,103.511444,103.497048,103.554134
55:19.1,103.345487,103.47513,103.490113,103.483475
55:24.3,103.344811,103.493865,103.497435,103.527328
55:29.2,103.358954,103.51228,103.483057,103.474866
55:34.8,103.382946,103.502029,103.51127,103.493716
55:39.6,103.377505,103.503635,103.448863,103.461523
55:44.6,103.29878,103.513016,103.500475,103.48335
55:49.4,103.405832,103.575693,103.491505,103.547365
55:55.0,103.359988,103.474495,103.518698,103.496001
55:59.3,103.359474,103.492478,103.491539,103.4918
56:05.0,103.371986,103.529551,103.506169,103.503878
56:09.9,103.360186,103.547011,103.488023,103.482902
56:14.9,103.350109,103.463086,103.452501,103.587296
56:19.4,103.372666,103.521454,103.497287,103.505024
56:24.5,103.355045,103.530445,103.436023,103.470952
56:30.0,103.350319,103.481605,103.493877,103.523511
56:34.7,103.373873,103.506699,103.53357,103.505981
,,,,
56:44.3,103.346041,103.50871,103.655246,103.518279
56:49.8,103.388065,103.508431,103.507373,103.50276
56:54.9,103.337727,103.471801,103.496367,103.544591
56:59.7,103.352187,103.49371,103.479366,103.544732
57:04.6,103.364598,103.472009,103.511385,103.472663
57:09.9,103.311682,103.508589,103.505141,103.49733
57:14.7,103.336228,103.486425,103.518637,103.510534
57:19.5,103.404917,103.498196,103.526215,103.585371
57:24.9,103.385308,103.47798,103.496932,103.507709
57:30.0,103.375758,103.507342,103.480028,103.619831
57:34.6,103.425038,103.49831,103.521801,103.500252
57:39.5,103.34733,103.497535,103.501653,103.539418
57:44.3,103.366639,103.478656,103.501999,103.486628
57:49.2,103.380253,103.507911,103.527254,103.513075
57:55.0,103.327978,103.499611,103.496755,103.484226
57:59.2,103.341369,103.446231,103.520406,103.483792
58:05.0,103.373051,103.445916,103.484704,103.489879
58:09.6,103.346721,103.496465,103.558735,103.515685
58:14.0,103.337771,103.510137,103.522212,103.464567
58:19.9,103.420944,103.496594,103.495617,103.520881
58:23.7,103.382697,103.536381,103.515792,103.499291
58:29.9,103.360719,103.513624,103.477964,103.52377
58:34.5,103.354566,103.541485,103.544687,103.49613
58:39.7,103.350215,103.458389,103.479997,103.508424
58:45.0,103.36784,103.4768,103.518753,103.533496
58:49.9,103.345848,103.468672,103.497164,103.504809
58:53.4,103.405272,103.510276,103.532002,103.475769
58:57.9,103.299597,103.560164,103.483177,103.513225
59:04.4,103.381879,103.541148,103.527968,103.575579
59:09.7,103.351986,103.494971,103.46577,103.494744
59:14.9,103.385005,103.483306,103.401705,103.557482
59:19.8,103.31776,103.51685,103.47783,103.719506
59:24.7,103.342965,103.343715,103.481206,103.457019
59:29.6,103.329567,103.507708,103.512531,103.506464
59:35.0,103.372979,103.530719,103.513762,103.521186
59:39.9,103.339398,103.497513,103.485372,103.505379
59:44.7,103.35616,103.460097,103.50975,103.504853
59:49.7,103.400284,103.540626,103.537706,103.511565
59:55.0,103.361454,103.489851,103.471656,103.513946
59:59.7,103.297601,103.503859,103.513502,103.517509
00:04.8,103.360995,103.50518,103.509191,103.460227
00:10.0,103.365711,103.542157,103.482094,103.482947
00:14.7,103.353202,103.49837,103.516317,103.446489
00:19.6,103.37137,103.504878,103.443822,103.506685
00:24.9,103.333524,103.50085,103.477989,103.493284
00:29.9,103.353078,103.484681,103.504383,103.509399
00:35.0,103.343072,103.517706,103.496351,103.448937
00:38.6,103.380036,103.487503,103.538238,103.51836
00:45.0,103.348763,103.485098,103.510297,103.499321
00:49.9,103.366578,103.526071,103.452295,103.563923
00:54.9,103.339381,103.525966,103.502502,103.520285
00:59.8,103.327349,103.479894,103.459613,103.542224
01:03.5,103.355874,103.507901,103.507466,103.526588
01:09.4,103.398805,103.494872,103.520529,103.522523
01:14.4,103.363306,103.49398,103.486947,103.528562
01:19.8,103.359233,103.469185,103.500389,103.49456
01:24.9,103.359735,103.528365,103.468883,103.507427
01:29.7,103.327362,103.492389,103.489969,103.522286
01:34.6,103.271916,103.454568,103.475852,103.472372
01:40.0,103.372769,103.49848,103.489841,103.522253
01:45.0,103.354065,103.505243,103.545555,103.498804
01:50.0,103.332185,103.526954,103.481356,103.487379
01:55.0,103.356472,103.481809,103.509422,103.490987
01:59.8,103.380657,103.487002,103.512419,103.493772
02:04.9,103.324163,103.542252,103.486385,103.481787
02:09.7,103.360403,103.527165,103.471526,103.492748
02:14.8,103.338492,103.482865,103.51222,103.559254
02:19.9,103.35051,103.519618,103.514946,103.495762
02:24.3,103.343311,103.493254,103.495892,103.502184
02:29.6,103.43535,103.506849,103.48916,103.447004
02:34.9,103.347331,103.489419,103.506599,103.499849
02:39.5,103.33937,103.482099,103.519936,103.480565
02:44.8,103.368414,103.496725,103.555258,103.504325
02:49.3,103.312346,103.471811,103.497055,103.490454
02:54.9,103.344979,103.503632,103.501594,103.504473
02:59.8,103.320764,103.499162,103.489015,103.504772
03:04.5,103.381456,103.489692,103.503951,103.462214
03:09.5,103.362739,103.501924,103.457894,103.478633
03:15.0,103.441735,103.480977,103.514293,103.503838
03:19.9,103.344325,103.486421,103.486165,103.543128
03:23.1,103.383341,103.498938,103.522057,103.500649
03:29.8,103.348729,103.526834,103.528721,103.475706
03:34.8,103.381495,103.518566,103.507879,103.469817
03:39.3,103.348312,103.481354,103.496142,103.510571
03:44.8,103.351283,103.486181,103.497108,103.49185
03:49.2,103.380044,103.492181,103.517463,103.499742
03:54.8,103.386032,103.527489,103.49557,103.478799
04:00.0,103.35424,103.56168,103.537224,103.463348
04:04.3,103.388859,103.487437,103.523673,103.472949
04:09.9,103.363112,103.497769,103.54626,103.48781
04:14.4,103.32946,103.49918,103.485898,103.484722
04:20.0,103.351444,103.487408,103.461761,103.491402
04:24.9,103.3871,103.507261,103.488868,
04:29.7,103.369246,103.513309,103.486171,103.47708
04:34.5,103.367856,103.502123,103.472592,103.503384
04:39.5,103.345724,103.513696,103.493712,103.493348
04:44.5,103.436313,103.488951,103.471054,103.472061
04:50.0,103.296261,103.469807,103.468888,103.476839
04:54.6,103.385795,103.514196,103.491219,103.494298
04:59.9,103.355473,103.548464,103.521476,103.506668
05:04.8,103.362204,103.511186,103.477558,103.504186
05:09.8,103.308862,103.511284,103.4839,103.570125
05:14.9,103.384302,103.523177,103.45779,103.48835
05:20.0,103.389303,103.506487,103.484115,103.546802
05:24.4,103.37322,103.494612,103.42629,103.498527
,,,,
05:34.7,103.361531,103.495217,103.497173,103.483601
05:40.0,103.248729,103.488567,103.503494,103.472
05:44.7,103.361859,103.484251,103.549778,103.476531
05:50.0,103.327178,103.501366,103.497602,103.534081
05:54.8,103.364016,103.51685,103.607633,103.547634
05:59.9,103.318778,103.494548,103.555139,103.532269
06:04.4,103.361038,103.505981,103.496989,103.490325
06:09.4,103.313221,103.496941,103.490926,103.526499
06:14.8,103.354853,103.516871,103.497667,103.553837
06:19.2,103.36343,103.552523,103.504759,103.55578
06:23.6,103.38946,103.480873,103.49843,103.503323
06:29.9,103.36382,103.49608,103.554338,103.509463
06:34.3,103.363275,103.472637,103.472234,103.499279
06:39.6,103.355225,103.516295,103.481548,103.535559
06:44.9,103.365154,103.48858,103.503736,103.554936
06:49.7,103.34535,103.523365,103.511921,103.491858
06:54.7,103.381292,103.525862,103.478328,103.53785
06:59.6,103.351323,103.46813,103.537654,103.521364
07:04.9,103.403349,103.536401,103.543318,103.511695
07:09.3,103.39327,103.538033,103.497507,103.567437
07:15.0,103.368242,103.510701,103.519523,103.471282
07:19.2,103.280835,103.503136,103.499617,103.564211
07:24.8,103.369665,103.495728,103.506022,103.534332
07:29.9,103.342601,103.502013,103.491344,103.530572
07:33.7,103.403273,103.505895,103.434468,103.505445
07:39.6,103.362939,103.517927,103.544652,103.537529
07:44.1,103.301122,103.496672,103.472412,103.487337
07:48.3,103.374694,103.477952,103.517122,103.415711
07:54.9,103.330475,103.50044,103.506132,103.51085
07:59.7,103.369108,103.443429,103.516962,103.511191
08:05.0,103.368026,103.49884,103.685462,103.527183
08:10.0,103.36662,103.494424,103.511305,103.555097
08:14.5,103.433666,103.502093,103.532244,103.518353
08:19.7,103.413212,103.496694,103.497531,103.503268
08:24.1,103.341598,103.482766,103.470642,103.541768
08:29.9,103.385421,103.509342,103.513042,103.510101
08:34.8,103.30453,103.446457,103.496384,103.507203
08:39.5,103.369367,103.479285,103.486437,103.473359
08:44.5,103.317791,103.514916,103.413259,103.505625
08:49.8,103.347817,103.49218,103.469855,103.466649
08:55.0,103.382486,103.498085,103.501499,103.514292
08:59.7,103.346866,103.453161,103.507895,103.469178
09:04.6,103.373327,103.495199,103.509771,103.512952
09:09.6,103.429369,103.481947,103.49432,103.495381
09:14.9,103.392041,103.475326,103.438758,103.459537
09:18.1,103.328001,103.501505,103.511459,103.491972
09:23.8,103.377216,103.508814,103.480845,103.478842
09:29.7,103.368718,103.543642,103.501765,103.510175
09:33.4,103.334567,103.498264,103.510894,103.463671
09:39.5,103.365518,103.517448,103.554696,103.515239
09:44.9,103.33447,103.495373,103.518154,103.492535
09:49.4,103.383201,103.514727,103.50693,103.538428
09:54.2,103.365561,103.508665,103.485743,103.498967
09:59.8,103.350609,103.481336,103.502972,103.51759
10:04.4,103.358078,103.503502,103.503876,103.486825
10:09.2,103.321225,103.501633,103.486849,103.48311
10:14.6,103.329751,103.494266,103.500617,103.532461
10:18.5,103.340563,103.471895,103.521662,103.490898
10:24.3,103.40932,103.505443,103.477171,103.513041
10:29.6,103.380199,103.517437,103.503706,103.505302
10:34.8,103.342104,103.496247,103.511047,103.497309
10:39.9,103.359361,103.504577,103.501191,103.464433
10:44.7,103.39407,103.479366,103.500804,103.527534
10:50.0,103.364216,103.480959,103.48581,103.505401
10:54.7,103.410779,103.508473,103.506382,103.517035
10:59.7,103.357412,103.500024,103.508342,103.486236
11:04.5,103.338129,103.498796,103.498627,103.510955
11:09.6,103.384284,103.510484,103.485533,103.5351
11:14.8,103.319987,103.522932,103.547801,103.546155
11:19.7,103.402603,103.508474,103.459605,103.494401
11:24.9,103.341442,103.493885,103.498099,103.566815
11:30.0,103.393853,103.502139,103.488155,103.514035
11:34.6,103.391953,103.393878,103.491916,103.5396
11:39.7,103.379781,103.500975,103.515301,103.476202
11:44.8,103.363728,103.531814,103.502458,103.484934
11:49.6,103.353016,103.503921,103.5064,103.483192
11:54.5,103.389588,103.476468,103.591618,103.546242
11:59.8,103.401343,103.48103,103.458502,103.50421
12:04.9,103.375841,103.438642,103.498593,103.56295
12:09.8,103.353836,103.53293,103.508917,103.513884
12:14.7,103.374414,103.50585,103.510866,103.5181
12:19.5,103.335353,103.512871,103.506342,103.527282
12:25.0,103.301674,103.505219,103.550083,103.563482
12:29.9,103.359712,103.510534,103.502652,103.491496
12:35.0,103.308268,103.542295,103.511877,103.549491
12:39.1,103.458298,,103.46198,103.512957
12:44.5,103.359906,103.496371,103.510426,103.509334
12:50.0,103.381091,103.520461,103.496082,103.57195
12:55.0,103.381073,103.482873,103.551922,103.501966
12:59.7,103.367254,103.532504,103.488181,103.487878
13:04.9,103.381572,103.504211,103.494289,103.502492
13:09.6,103.315538,103.446491,103.483829,103.48181
13:14.5,103.375345,103.493848,103.499983,103.520807
13:19.8,103.3687,103.526252,103.448865,103.509801
13:25.0,103.391212,103.498736,103.497595,103.468237
13:30.0,103.366324,103.49462,103.527274,103.538613
13:34.1,103.34793,103.494874,103.515687,103.506553
13:38.6,103.369756,103.488744,103.578951,
13:44.8,103.30866,103.437299,103.499244,103.512835
13:49.8,103.352519,103.49732,103.428158,103.512133
13:54.6,103.367363,103.502454,103.482679,103.522017
13:59.8,103.398451,103.516973,103.518291,103.456907
14:04.9,103.356539,103.513008,103.483776,103.449341
14:09.9,103.363976,103.496982,103.499212,103.469778
14:14.3,103.366322,103.576448,103.538399,103.530869
14:19.0,103.374289,103.484481,103.486905,103.502476
14:24.9,103.355636,103.498885,103.511229,103.559837
14:29.7,103.336726,103.502494,103.50306,103.515041
14:34.8,103.364729,103.49441,103.511552,103.515602
14:39.9,103.365035,103.541234,103.486322,103.495187
14:44.7,103.371545,103.503521,103.515531,103.504136
14:49.9,103.358201,103.480668,103.488699,103.504303
14:55.0,103.335295,103.488481,103.49526,103.515797
14:59.8,103.365861,103.515185,103.416276,103.548678
15:05.0,103.367282,103.499272,103.455702,103.55643
15:10.0,103.366242,103.477735,103.503978,103.492343
15:14.6,103.382518,103.492707,103.502072,103.512105
15:19.3,103.393647,103.513673,103.492662,103.575872
15:24.9,103.368753,103.549609,103.518636,103.519966
15:29.9,103.377325,103.505826,103.508543,103.548975
15:33.2,103.367196,103.504005,103.500368,103.503852
15:39.4,103.381796,103.453004,103.569119,103.501861
15:44.9,103.363359,103.494835,103.529007,103.525123
15:49.7,103.31915,103.508201,103.500974,103.548487
15:54.1,103.378447,103.520624,103.491162,103.519999
15:58.6,103.373634,103.503826,103.520803,103.54903
16:05.0,103.369159,103.497258,103.511526,103.527243
16:09.9,103.425281,103.519284,103.455309,103.510551
16:14.4,103.368734,103.512598,103.524076,103.538519
16:19.7,103.388664,103.507365,103.50379,103.505595
16:24.5,103.358599,103.517143,103.476783,103.519334
16:29.5,103.408303,103.499959,103.513872,103.479508
16:34.4,103.375322,103.5028,103.500959,103.504617
16:40.0,103.372609,103.546814,103.568647,103.553308
16:44.7,103.382065,103.521544,103.562977,103.519121
16:49.3,103.36407,103.517613,103.59459,103.512074
16:54.8,103.3967,103.51944,103.50859,103.523595
16:59.8,103.393815,103.501003,103.494211,103.528457
17:05.0,103.366342,103.513699,103.473173,103.517068
17:09.3,103.382256,103.520089,103.514963,103.507844
17:15.0,103.366808,103.488921,103.514484,103.481134
17:19.7,103.262337,103.568685,103.502608,103.496148
17:24.9,103.382053,103.532257,103.449044,103.56109
17:29.0,103.380534,103.524293,103.570556,103.513842
17:34.9,103.358039,103.493092,103.478745,103.506891
17:39.4,103.391461,103.489682,103.511263,103.600497
17:44.4,103.308743,103.531643,103.512651,103.530637
17:49.8,103.394222,103.518714,103.491935,103.545648
17:55.0,103.344989,103.535557,103.555212,103.517418
17:59.9,103.368977,103.514892,103.51055,103.511799
18:04.9,103.377064,103.451415,103.558212,103.526364
18:09.9,103.393421,103.509874,103.553272,103.519767
18:15.0,103.356464,103.550771,103.544372,103.517828
18:19.8,103.363969,103.530175,103.513453,103.518028
18:24.0,103.388469,103.561541,103.504113,
18:29.2,103.365798,103.503756,103.518619,103.506323
18:34.6,103.372577,103.499641,103.525822,103.529877
18:40.0,103.347575,103.520331,103.51031,103.53588
18:44.2,103.426236,103.54028,103.518829,103.565357
18:49.5,103.379179,103.50711,103.560982,103.488764
18:54.7,103.369877,103.531623,103.491671,103.537243
18:59.3,103.390736,103.508576,103.547708,103.525394
19:04.8,103.389213,103.523359,103.518626,103.487301
19:09.2,103.383962,103.530917,103.489513,103.58358
19:14.9,103.375455,103.501811,103.485769,103.520969
19:20.0,103.358548,103.520255,103.476593,103.511092
19:24.7,103.363302,103.432249,103.560887,103.519709
19:29.5,103.364961,103.49109,103.523229,103.507855
19:34.6,103.406148,103.525412,103.572917,103.501401
19:39.6,103.388931,103.511778,103.521905,103.520265
19:44.8,103.389814,103.507076,103.507989,103.473909
19:49.4,103.312758,103.53273,103.4626,103.520849
19:53.4,103.37567,103.489048,103.452349,103.510189
19:59.8,103.377027,103.513096,103.521562,103.526958
20:04.8,103.373018,103.526096,103.545695,103.54371
20:09.7,103.39131,103.516418,103.524502,103.442563
20:14.4,103.369691,103.470026,103.525548,103.488121
20:19.8,103.34157,103.541304,103.560477,103.508448
20:24.7,103.329515,103.540595,103.552773,103.502773
20:29.9,103.373891,103.546,103.51216,103.481242
20:34.4,103.368845,103.494328,103.552837,103.549214
20:39.8,103.355969,103.559611,103.520134,103.500887
20:44.8,103.383783,103.518537,103.467243,103.527991
20:49.4,103.38978,103.512493,103.529318,103.606275
20:54.8,103.379677,103.496371,103.514725,103.525973
20:59.9,103.371619,103.504044,103.535073,103.533522
21:04.6,103.410702,103.540457,103.525641,103.542504
21:09.8,103.377855,103.520711,103.522189,103.558143
21:14.4,103.392397,103.522541,103.540811,103.431769
21:19.8,103.306606,103.52573,103.530451,103.527381
21:24.8,103.394348,103.500566,103.539229,103.545507
21:29.9,103.37112,103.525538,103.474439,103.517413
21:34.9,103.402019,103.549392,103.524587,103.551527
21:39.8,103.367204,103.501881,103.51832,103.506443
21:44.8,103.383286,103.498602,103.489588,103.528584
21:50.0,103.383575,103.550446,103.568622,103.520276
21:54.9,103.390401,103.489815,103.459249,103.541735
21:59.9,103.416637,103.48058,103.547206,103.523497
22:04.9,103.394179,103.539234,103.550425,103.526093
22:08.3,103.387038,103.552618,103.522007,103.52079
22:14.4,103.414801,103.539349,103.524751,103.522306
22:19.9,103.307682,103.531365,103.52752,103.52962
22:24.8,103.395241,103.46458,103.543241,103.531998
22:29.5,103.400457,103.526233,103.521778,103.534868
22:34.2,103.402461,103.55831,103.560119,103.538792
22:39.3,103.415204,103.561027,103.554487,103.5446
22:44.9,103.46279,103.502349,103.515678,103.544803
22:49.5,103.381657,103.649955,103.521897,103.536525
22:54.4,103.352683,103.553567,103.535223,103.534674
22:59.6,103.375791,103.51994,103.428491,103.518659
23:04.3,103.40606,103.5026,103.507909,103.521499
23:09.8,103.316061,103.530322,103.53763,103.523247
23:15.0,103.39692,103.545036,103.528538,103.540179
23:19.2,103.425903,103.560774,103.551243,103.544748
23:24.7,103.431569,103.510688,103.523294,103.506806
23:29.8,103.389507,103.554768,103.581294,103.531983
23:34.8,103.233774,103.555893,103.525291,103.560504
23:40.0,103.408688,103.536844,103.551585,103.541321
23:44.0,103.415757,103.526327,103.484808,103.544368
23:49.6,103.392954,103.543357,103.536791,103.530598
23:54.9,103.363527,103.564109,103.53813,103.532523
23:59.5,103.398669,103.540747,103.549789,103.408257
24:04.9,103.423822,103.538471,103.529651,103.5917
24:09.4,103.371649,103.531752,103.528805,103.503786
24:15.0,103.384583,103.526417,103.546024,103.524436
24:19.5,103.386081,103.535058,103.515174,103.540318
24:24.9,103.342982,103.579269,103.518014,103.523069
24:29.8,103.412314,103.541699,103.514331,103.48008
24:34.9,103.428948,103.549396,103.529831,103.50854
24:39.4,103.387929,103.516833,103.539779,103.513394
24:44.4,103.386479,103.526816,103.481536,103.548274
24:50.0,103.482516,103.521678,103.541226,103.535355
24:54.8,103.396671,103.567081,103.54578,103.537954
24:59.6,103.418019,103.419193,103.500218,103.590327
25:05.0,103.359407,103.579999,103.545159,103.539249
25:09.8,103.415579,103.511832,103.548356,103.557002
25:15.0,103.363774,103.540082,103.489448,103.538899
25:20.0,103.393044,103.499643,103.528795,103.546864
25:24.9,103.3801,103.560347,103.47948,103.541321
25:29.9,103.4156,103.54738,103.537199,103.528229
25:35.0,103.397703,103.533394,103.533953,103.544639
25:39.9,103.386759,103.521107,103.533252,103.544846
25:44.6,103.398227,103.507285,103.564122,103.541806
25:49.9,103.424495,103.545873,103.542079,103.499459
25:54.6,103.440622,103.528315,103.497709,103.49046
25:59.8,103.390985,103.449488,103.501411,103.550538
26:04.8,103.434001,103.528394,103.532128,103.536718
26:10.0,103.388483,103.532323,103.560852,103.525751
26:15.0,103.458171,103.577178,103.495785,103.619834
26:20.0,103.369919,103.506369,103.543967,103.542849
26:24.5,103.401642,103.536686,103.450638,103.546147
26:30.0,103.393572,103.577546,103.610847,103.521388
26:35.0,103.397218,103.56434,103.533369,103.595125
26:40.0,103.416777,103.543746,103.613125,103.601484
26:44.7,103.486034,103.64956,103.549173,103.529389
26:50.0,103.397589,103.577529,103.55198,103.588062
26:54.8,103.409451,103.558886,103.528199,103.576556
26:58.9,103.413022,103.529214,103.55168,103.55744
27:05.0,103.416375,103.467046,103.538286,103.541083
27:09.7,103.370511,103.416342,103.538342,103.483041
27:14.6,103.383917,103.533952,103.541478,103.541514
27:20.0,103.393816,103.496844,103.517563,103.484796
27:24.6,103.31497,103.513397,103.549501,103.505411
27:29.2,103.421514,103.535213,103.57223,103.546119
27:34.8,103.408429,103.562432,103.542479,103.550107
27:38.9,103.450034,103.548794,103.527872,103.521037
27:44.9,103.426963,103.566696,103.52949,103.589916
27:49.3,103.397359,103.542894,103.586308,103.524413
27:55.0,103.40296,103.554866,103.509087,103.547274
27:59.9,103.41453,103.570525,103.532938,103.516561
28:04.3,103.465191,103.526793,103.556755,103.589249
28:09.9,103.401945,103.569059,103.602455,103.477604
28:14.9,103.441797,103.536593,103.5406,103.494965
28:19.9,103.370876,103.527443,103.52712,103.562907
28:24.8,103.461983,103.519352,103.531499,103.531212
28:29.9,103.398584,103.536064,103.554708,103.554771
28:34.9,103.374745,103.571364,103.499706,103.511832
28:39.7,103.408868,103.522144,103.547077,103.60453
28:44.4,103.386712,103.542029,103.584544,103.562606
28:49.6,103.46552,103.485707,103.571246,103.491147
28:54.2,103.415802,103.571098,103.555344,103.504952
28:59.7,103.378368,103.561923,103.55043,103.530039
29:04.2,103.415195,103.516176,103.533487,103.557009
29:09.9,103.409011,103.568688,103.474251,103.545163
29:14.9,103.449421,103.55002,103.546897,103.458439
29:19.4,103.408414,103.544873,103.505178,103.532561
29:24.6,103.390442,103.512151,103.544768,103.580226
29:30.0,103.388343,103.499605,103.576764,103.558113
29:34.9,103.423276,103.560278,103.562687,103.547298
29:39.5,103.372951,103.552955,103.552586,103.549344
29:44.3,103.405516,103.528873,103.5484,103.55087
,,,,
29:54.6,103.404798,103.521849,103.553188,103.550541
29:59.4,103.404376,103.552555,103.539185,103.59844
30:04.9,103.38965,103.576305,103.558898,103.536711
30:10.0,103.490586,103.543246,103.558605,103.579672
30:14.8,103.36247,103.547502,103.586314,103.518502
30:19.8,103.39983,103.568194,103.549502,103.536555
30:24.9,103.41436,103.537554,103.584672,103.548785
30:29.2,103.397539,103.515842,103.557054,103.548765
30:34.3,103.429902,103.554136,103.545537,103.571096
30:40.0,103.424534,103.495575,103.57399,103.549892
30:44.8,103.458744,103.571727,103.535399,103.559379
30:49.8,103.409772,103.551706,103.540881,103.494792
30:54.9,103.407265,103.536637,103.524588,103.528357
31:00.0,103.395226,103.542545,103.526861,103.522574
31:04.9,103.395827,103.575588,103.583696,103.540904
31:09.9,103.41792,103.550707,103.565252,103.574454
31:14.9,103.415251,103.54803,103.56532,103.557443
31:19.2,103.380085,103.55182,103.544261,103.540234
31:24.7,103.410531,103.540408,103.523631,103.53236
31:29.8,103.426082,103.536529,103.528754,103.563414
31:34.5,103.430687,103.545801,103.491823,103.536234
31:40.0,103.415306,103.52138,103.544498,103.5124
31:44.5,103.454824,103.506312,103.623618,103.556706
31:50.0,103.409578,103.538766,103.50875,103.541672
31:55.0,103.376393,103.473204,103.525026,103.54251
31:59.9,103.371479,103.530963,103.587677,103.46215
32:05.0,103.433674,103.551276,103.526783,103.532447
32:10.0,103.419177,103.490002,103.524179,103.59969
32:14.8,103.410963,103.547774,103.560255,103.577032
32:19.9,103.401448,103.60858,103.568771,103.512939
32:24.9,103.388336,103.557193,103.528246,103.572846
32:30.0,103.399923,103.566559,103.53922,103.540908
32:34.7,103.408144,103.540452,103.502246,103.555677
32:39.8,103.490078,103.52904,103.546955,103.560498
32:45.0,103.402702,103.560579,103.56214,103.547108
32:50.0,103.409709,103.560359,103.558893,103.557734
32:54.8,103.413352,103.572616,103.509075,103.570833
32:59.7,103.4458,103.574852,103.569277,103.591853
33:05.0,103.433328,103.530811,103.513927,103.583053
33:09.7,103.410941,103.47319,103.543064,103.577718
33:14.9,103.419799,103.509893,103.565994,103.543249
33:19.2,103.419509,103.506857,103.543366,103.593319
33:24.9,103.415595,103.49597,103.540228,103.565885
33:29.8,103.446958,103.540363,103.560019,103.593186
33:35.0,103.424427,103.554462,103.544581,103.538489
33:39.6,103.43187,103.516988,103.537255,103.570339
33:44.6,103.414237,103.578379,103.546052,103.57691
33:49.8,103.439907,103.489647,103.576621,103.595448
33:54.9,103.469779,103.56405,103.543071,103.587468
33:59.8,103.416177,103.53662,103.558402,103.587944
,,,,
34:09.7,103.394623,103.552426,103.502009,103.583988
34:14.7,103.398413,103.594401,103.524692,103.567669
34:19.7,103.428515,103.62227,103.545089,103.553767
34:24.6,103.408619,103.494737,103.555509,103.546777
34:29.8,103.414339,103.529698,103.558429,103.551963
34:34.7,103.368038,103.551772,103.439642,103.566077
34:39.6,103.442222,103.522383,103.558212,103.581088
34:44.9,103.409996,103.531749,103.564559,103.539614
34:49.6,103.453145,103.589243,103.540907,103.527354
34:54.9,103.435589,103.556541,103.575296,103.558937
35:00.0,103.402097,103.552513,103.531211,103.56015
35:04.6,103.414102,103.580526,103.49494,103.640166
35:09.5,103.409842,103.545309,103.594658,103.546857
35:14.8,103.429036,103.549075,103.531452,103.542645
35:19.6,103.432824,103.548233,103.511011,103.563521
35:24.1,103.428391,103.603242,103.546383,103.563065
35:29.7,103.41003,103.50196,103.570961,103.554575
35:34.7,103.337181,103.557724,103.559153,103.514845
35:39.7,103.396783,103.538651,103.538635,103.523387
35:44.9,103.374168,103.553462,103.520976,103.555914
35:49.9,103.404319,103.468793,103.601553,103.549278
35:54.9,103.391624,103.548265,103.565966,103.580024
35:59.8,103.407116,103.557665,103.531277,103.544227
36:04.8,103.371694,103.569229,103.51866,103.545189
36:09.8,103.370437,103.586136,103.556429,103.560999
36:15.0,103.383949,103.582861,103.559956,103.510099
36:19.8,103.408908,103.531382,103.521491,103.55953
36:24.8,103.423811,103.532336,103.535617,
36:29.9,103.427635,103.551135,103.572512,103.537232
36:34.4,103.375177,103.524765,103.563185,103.539016
36:39.6,103.363685,103.526664,103.59125,103.538747
36:43.1,103.431133,103.57063,103.587614,103.557545
36:48.7,103.374671,103.527751,103.536996,103.549325
36:54.9,103.411028,103.539384,103.589457,103.608388
36:59.6,103.426276,103.535891,103.492182,103.566833
37:04.6,103.405842,103.561245,103.581498,103.541229
37:08.9,103.423682,103.563118,103.550488,103.585725
37:14.3,103.417,103.549022,103.433026,103.536034
37:19.9,103.407821,103.550628,103.601545,103.516748
37:24.8,103.420652,103.586409,103.570326,103.452855
37:29.5,103.423752,103.560687,103.548919,103.562959
37:34.7,103.402172,103.534814,103.569521,103.527473
37:39.8,103.409088,103.515781,103.506348,103.47396
37:45.0,103.415084,103.594357,103.498329,103.565977
37:49.9,103.415891,103.518678,103.546401,103.562517
37:55.0,103.407982,103.53576,103.583323,103.540868
37:59.8,103.408267,103.54722,103.536913,103.552798
38:04.9,103.429658,103.539757,103.528113,103.54828
38:09.8,103.378203,103.533312,103.538905,103.531667
38:14.8,103.409975,103.547801,103.542679,103.56922
38:19.4,103.416736,103.536133,103.627628,103.510611
38:24.8,103.409388,103.49189,103.546771,103.518881
38:30.0,103.389343,103.542804,103.502649,103.544195
38:34.8,103.395,103.557442,103.522811,103.529907
38:39.9,103.380392,103.484047,103.624964,103.582143
38:44.8,103.384653,103.518338,103.548357,103.571897
38:50.0,103.397223,103.54302,103.512526,103.533493
38:54.5,103.399599,103.550209,103.510292,103.505096
39:00.0,103.414332,103.554655,103.462312,103.520729
39:04.7,103.390294,103.580699,103.5618,103.561217
39:09.9,103.441355,103.602437,103.496551,103.580168
39:14.9,103.431165,103.543574,103.516597,103.547804
39:19.9,103.365745,103.548393,103.52153,103.569785
39:24.7,103.373764,103.522604,103.547244,103.558527
39:30.0,103.38956,103.518206,103.563142,103.58382
39:34.2,103.364683,103.545921,103.541799,103.546736
39:39.7,103.406862,103.497191,103.545253,103.52936
39:44.9,103.409779,103.535979,103.469098,103.570968
39:49.4,103.401495,103.541534,103.475818,103.519392
39:55.0,103.4426,103.54212,103.494035,103.560918
39:59.8,103.391924,103.565488,103.458991,103.552224
40:05.0,103.418779,103.514112,103.482128,103.579221
40:10.0,103.412049,103.526818,103.52265,103.577987
40:14.9,103.430296,103.516404,103.532629,103.547977
40:20.0,103.418951,103.528998,103.586998,103.571872
40:25.0,103.43988,103.543504,103.552983,103.555409
40:29.8,103.420682,103.568548,103.620953,103.570728
40:34.6,103.42356,103.576007,103.566792,103.563208
40:38.7,103.390885,103.553495,103.55704,103.604747
40:44.5,103.414852,103.569726,103.556403,103.564585
40:49.6,103.433341,103.548917,103.557896,103.569435
40:54.9,103.443229,103.591701,103.494754,103.642407
41:00.0,103.446867,103.565997,103.527746,103.53124
41:04.9,103.422391,103.542291,103.567538,103.572497
41:09.9,103.416183,103.495525,103.504621,103.586063
41:14.9,103.429128,103.541871,103.529682,103.487994
41:19.8,103.402085,103.501956,103.512266,103.546781
41:24.5,103.400575,103.571217,103.548019,103.566026
41:29.8,103.444917,103.637223,103.576796,103.582548
41:35.0,103.430853,103.605972,103.506889,103.521833
41:39.6,103.41946,103.584382,103.501124,103.471261
41:45.0,103.418111,103.53015,103.572179,103.546321
41:49.9,103.454992,103.543921,103.563433,103.589366
41:54.6,103.460591,103.594945,103.555876,103.570409
42:00.0,103.417667,103.57352,103.576957,103.621857
42:04.8,103.452208,103.57605,103.551901,103.567812
42:10.0,103.441772,103.54935,103.516936,103.572065
42:14.9,103.439389,103.591036,103.509562,103.566502
42:20.0,103.435133,103.538341,103.585926,103.574562
42:24.9,103.421786,103.699401,103.576055,103.59341
42:29.9,103.416377,103.576464,103.549679,103.571409
42:33.9,103.422438,103.610972,103.521312,103.590132
42:39.9,103.426142,103.568694,103.613426,103.559074
42:45.0,103.444369,103.590812,103.55839,103.559255
42:49.9,103.434283,103.610361,103.595742,103.623825
42:54.4,103.437635,103.582924,103.544678,103.516865
42:59.6,103.416419,103.514692,103.568709,103.544731
43:04.8,103.439347,103.572841,103.568664,103.591367
43:09.9,103.433448,103.576661,103.538705,103.582438
43:15.0,103.416993,103.588923,103.557271,103.553685
43:19.9,103.433275,103.591106,103.538057,103.629582
43:25.0,103.402766,103.575198,103.565084,103.563854
43:30.0,103.449531,103.570517,103.552857,103.615739
43:35.0,103.422723,103.569395,103.57032,103.536308
43:39.4,103.46895,103.566538,103.543559,103.54274
43:44.9,103.403509,103.555924,103.534504,103.578587
43:49.6,103.396377,103.572408,103.547833,103.578871
43:54.8,103.418089,103.566109,103.540729,103.605907
44:00.0,103.445953,103.579914,103.491223,103.508085
,,,,
44:10.0,103.471747,103.593895,103.552398,103.586201
44:14.6,103.446938,103.584187,103.574865,103.579386
44:20.0,103.442376,103.611355,103.569815,103.544633
44:24.7,103.37607,103.572675,103.624071,103.532027
44:29.1,103.48582,103.581204,103.601487,103.579012
44:34.9,103.414731,103.578621,103.568664,103.541932
44:39.9,103.43288,103.600786,103.549725,103.606126
44:44.8,103.373652,103.572862,103.591599,103.638009
44:49.7,103.479529,103.551219,103.552118,103.575624
44:54.6,103.428591,103.582138,103.535556,103.551244
44:59.9,103.444166,103.662166,103.535258,103.597481
45:04.8,103.43536,103.558898,103.543502,103.575782
45:10.0,103.412643,103.602613,103.556692,103.545292
45:14.9,103.419951,103.581654,103.5555,103.549774
45:18.8,103.444157,103.571238,103.583371,103.576114
45:24.9,103.427994,103.572772,103.529503,
45:30.0,103.464702,103.566132,103.553129,103.594736
45:35.0,103.453916,103.57613,103.526319,103.626871
45:39.9,103.46476,103.622655,103.529577,103.594114
45:45.0,103.466022,103.574247,103.534606,103.548204
45:49.7,103.469564,103.509309,103.595326,103.58184
45:55.0,103.428642,103.58009,103.548945,103.554179
45:59.8,103.442701,103.568198,103.557951,103.509273
46:04.9,103.453279,103.458391,103.534396,103.604589
46:10.0,103.389898,103.555441,103.568471,103.593979
46:15.0,103.425774,103.589051,103.547333,103.585833
46:19.9,103.438929,103.55796,103.528698,103.530153
46:24.7,103.416084,103.563803,103.544107,103.537132
46:30.0,103.42231,103.573474,103.534431,103.5857
46:34.9,103.486437,103.571415,103.566587,103.574865
46:39.7,103.443234,103.569409,103.55654,103.571099
46:44.5,103.434344,103.556377,103.543582,103.632318
46:49.9,103.425582,103.569902,103.572022,103.649208
46:54.8,103.404756,103.575758,103.56004,103.647654
46:59.3,103.433547,103.549796,103.524637,103.579035
47:05.0,103.430763,103.533919,103.570875,103.58247
47:10.0,103.436026,103.597755,103.568898,103.559706
47:15.0,103.480083,103.581069,103.562781,103.578759
47:20.0,103.40731,103.560695,103.581243,103.568135
47:25.0,103.442483,103.572025,103.494024,103.604941
47:29.9,103.415345,103.557518,103.565777,103.564985
47:34.9,103.427204,103.566557,103.547471,103.520189
47:39.8,103.427904,103.596997,103.576575,103.65099
47:44.8,103.424431,103.57503,103.593588,103.542892
47:49.7,103.445723,103.666299,103.54701,103.582768
47:54.7,103.405346,103.60514,103.553813,103.576977
47:59.7,103.450686,103.547899,103.571787,103.587356
48:04.9,103.431442,103.564011,103.543711,103.698503
48:09.8,103.448575,103.646087,103.524457,103.625524
48:15.0,103.323658,103.578286,103.559764,103.564521
48:20.0,103.436692,103.557954,103.559042,103.575556
48:24.7,103.373995,103.544515,103.51755,103.576776
48:29.9,103.471961,103.601419,103.604426,103.617152
48:34.9,103.445161,103.595759,103.584401,103.602519
48:39.7,103.418529,103.580719,103.561017,103.585905
48:44.7,103.415576,103.571613,103.586447,103.576791
48:49.8,103.431677,103.558193,103.579182,103.671292
48:54.9,103.442839,103.586509,103.572311,103.568535
48:59.8,103.380241,103.60502,103.55881,103.583687
49:05.0,103.433732,103.567782,103.541473,103.561839
49:08.8,103.462935,103.56153,103.560693,103.573382
49:14.8,103.43962,103.491869,103.569189,103.565681
49:20.0,103.394359,103.539886,103.567207,103.524229
49:25.0,103.458707,103.600125,103.61883,103.589039
49:29.9,103.483538,103.608288,103.602087,103.59015
49:35.0,103.451016,103.576764,103.582526,103.593357
49:39.4,103.474188,103.554077,103.566814,103.589092
49:44.9,103.444099,103.57261,103.561599,103.624017
49:49.9,103.427677,103.591443,103.588279,103.608161
49:54.3,103.463744,103.54959,103.520658,103.583524
49:59.8,103.456465,103.475373,103.563936,103.565933
50:05.0,103.446897,103.489312,103.571669,103.577929
50:09.9,103.430647,103.570192,103.559052,103.573113
50:15.0,103.446749,103.56645,103.572887,103.595143
50:20.0,103.404446,103.582302,103.560873,103.580963
50:24.7,103.468904,103.520573,103.565739,103.580852
50:30.0,103.450921,103.545092,103.557261,103.585013
50:34.6,103.47932,103.590343,103.566776,103.630825
50:39.3,103.432634,103.588819,103.530422,103.580749
50:45.0,103.451266,103.592884,103.587956,103.528401
50:49.9,103.428504,103.594258,103.561481,103.582738
50:54.9,103.446536,103.574191,103.5349,103.549079
50:59.9,103.494858,103.60516,103.577336,103.555533
51:04.8,103.438262,103.586414,103.56416,103.548834
51:09.8,103.474503,103.535033,103.589494,103.574709
51:14.5,103.437472,103.589194,103.595461,103.574192
51:19.0,103.404059,103.58461,103.599224,103.588824
51:24.9,103.440676,103.586859,103.567432,103.575347
51:29.9,103.449942,103.474224,103.566192,103.589297
51:35.0,103.451271,103.588682,103.516652,103.504571
51:39.9,103.427228,103.564502,103.577449,103.581509
51:44.9,103.409532,103.574802,103.558549,103.566233
51:49.9,103.438071,103.561176,103.575498,103.603662
51:54.9,103.451905,103.560195,103.574733,103.539336
51:59.9,103.435695,103.588354,103.507786,103.567583
52:04.9,103.428624,103.571706,103.536411,103.603345
52:09.9,103.484301,103.593628,103.594946,103.577156
52:14.6,103.450516,103.59068,103.551675,103.594436
52:19.9,103.390812,103.563424,103.573893,103.527684
52:24.9,103.427504,103.528672,103.571489,103.534613
52:29.7,103.460091,103.57237,103.619822,103.585286
52:34.9,103.41485,103.559245,103.567951,103.551043
52:40.0,103.383718,103.567538,103.574903,103.577523
52:45.0,103.439097,103.573605,103.675769,103.584983
52:49.9,103.422022,103.571004,103.554905,103.592409
52:54.8,103.418665,103.578295,103.56625,103.575795
52:59.9,103.415507,103.569757,103.532158,103.554518
53:04.4,103.396079,103.571106,103.561915,103.58971
53:09.7,103.437971,103.638157,103.575514,103.577828
53:14.8,103.460158,103.56789,103.555356,103.577457
53:20.0,103.416711,103.572344,103.542161,103.574921
53:24.8,103.434729,103.611856,103.589201,103.567664
53:29.9,103.471281,103.571444,103.535533,103.619692
53:34.8,103.365372,103.569482,103.560415,103.559789
53:40.0,103.456905,103.541951,103.559809,103.608469
53:44.7,103.463703,103.54327,103.568058,103.593467
53:50.0,103.434246,103.57189,103.552734,103.576792
53:55.0,103.440641,103.63494,103.571222,103.589654
53:59.9,103.453596,103.593185,103.559101,103.581669
54:04.9,103.447334,103.597239,103.556814,103.691283
54:09.9,103.36777,103.544249,103.582237,103.642391
54:14.7,103.436378,103.59164,103.566247,103.577327
54:20.0,103.442827,103.578409,,103.574571
54:24.9,103.452618,103.616318,103.5658,103.561667
54:29.9,103.441312,103.557246,103.553688,103.616356
54:34.8,103.426973,103.582882,103.629864,103.564491
54:40.0,103.40581,103.612302,103.578161,103.588614
54:44.9,103.462835,103.587293,103.637044,103.615932
54:49.9,103.454719,103.583117,103.535315,103.603646
54:54.9,103.456375,103.57312,103.627971,103.556517
54:59.9,103.465756,103.576785,103.578044,103.502401
55:04.7,103.46898,103.574463,103.611714,103.576805
55:09.8,103.470778,103.556595,103.571983,103.581937
55:14.8,103.475828,103.676144,103.566457,103.584963
55:20.0,103.453252,103.563092,103.573238,103.594923
55:24.6,103.488448,103.563468,103.530522,103.588
55:30.0,103.465829,103.562563,103.56306,103.566461
55:34.5,103.426527,103.582921,103.591882,103.589832
55:39.9,103.449411,103.559691,103.555977,103.624375
55:44.9,103.442798,103.614775,103.537501,103.633639
55:49.9,103.395461,103.610286,103.599301,103.605124
55:55.0,103.452355,103.576173,103.597419,103.639154
55:59.9,103.471526,103.553184,103.55088,103.565213
56:04.5,103.449267,103.596766,103.581321,103.580999
56:09.9,103.405153,103.559957,103.562522,103.593569
56:15.0,103.472746,103.599701,103.564693,103.612569
56:20.0,103.499448,103.561985,103.592321,103.586057
56:25.0,103.440067,103.585434,103.580954,103.586088
56:29.9,103.432537,103.593071,103.589541,103.583145
56:34.9,103.437705,103.560769,103.554521,103.633447
56:39.7,103.459787,103.605478,103.542876,103.5721
56:44.8,103.438852,103.561684,103.592244,103.587464
56:49.9,103.446264,103.565127,103.644961,103.653726
56:54.9,103.359126,103.593005,103.626699,103.582719
57:00.0,103.448206,103.625497,103.569358,103.590039
57:04.9,103.478053,103.601884,103.598626,103.584202
57:09.8,103.446988,103.577519,103.571193,103.589825
57:14.8,103.447689,103.588236,103.564574,103.590923
57:19.9,103.441503,103.599116,103.571983,103.599865
57:25.0,103.451554,103.567397,103.586525,103.568002
57:29.9,103.468585,103.640341,103.570684,103.571867
57:34.8,103.476371,103.53553,103.558757,103.619015
57:40.0,103.463943,103.59029,103.575524,103.653525
57:45.0,103.449123,103.626322,103.562839,103.582453
57:50.0,103.481979,103.597388,103.588712,103.605543
57:54.8,103.443413,103.589519,103.556052,103.592115
57:59.9,103.468682,103.583158,103.629484,103.596487
58:04.9,103.457719,103.586447,103.587457,103.61376
58:09.9,103.41231,103.545301,103.575037,103.584875
58:14.9,103.444116,103.588535,103.556704,103.585688
58:20.0,103.447508,103.599587,103.613718,103.567258
58:24.9,103.355805,103.596899,103.590676,103.551603
58:29.9,103.467807,103.576022,103.590857,103.595808
58:35.0,103.458746,103.588892,103.574608,103.51992
58:39.9,103.459258,103.556297,103.555164,103.589531
58:45.0,103.437122,103.571083,103.575529,103.595964
58:50.0,103.477202,103.562328,,103.61834
58:54.9,103.524642,103.568748,103.559014,103.603892
58:59.9,103.438504,103.588432,103.565953,
59:04.9,103.42619,103.565719,103.557797,
59:10.0,103.44557,103.55341,103.606632,
59:15.0,103.441442,103.582151,103.574758,103.588796
59:19.8,103.438161,103.578613,103.536107,103.559067
59:25.0,103.432612,103.58633,103.578978,103.556749
59:29.9,103.446415,103.690702,103.574047,103.569557
59:35.0,103.452371,103.531951,103.513466,103.603064
59:40.0,103.441176,103.555103,103.55744,103.571805
59:45.0,103.423758,103.520652,103.529974,103.610595
59:49.8,103.463755,103.595312,103.583788,103.599073
59:54.9,103.428122,103.55655,103.65708,103.533494
59:59.9,103.454434,103.605186,103.492689,103.540315
